run_id,dataset,modality,task,model,task_type,metric,mean,std,ci95_low,ci95_high,seed_count,sample_count_mean
cmdc_protocol_all_questions_binary_tfidf_logistic,CMDC,Text,MDD classification,TF-IDF + Logistic (all_questions),binary_classification,AUPRC,0.9775438596491227,0.0,0.9186111847583949,1.0,5,77.0
cmdc_protocol_all_questions_binary_tfidf_logistic,CMDC,Text,MDD classification,TF-IDF + Logistic (all_questions),binary_classification,AUROC,0.9753846153846155,1.1102230246251565e-16,0.9207739179156744,1.0,5,77.0
cmdc_protocol_all_questions_binary_tfidf_logistic,CMDC,Text,MDD classification,TF-IDF + Logistic (all_questions),binary_classification,Balanced Accuracy,0.8200000000000001,0.0,0.7249305555555555,0.9,5,77.0
cmdc_protocol_all_questions_binary_tfidf_logistic,CMDC,Text,MDD classification,TF-IDF + Logistic (all_questions),binary_classification,Brier Score,0.20608769235096816,0.0,0.19878294454155748,0.21280303140680115,5,77.0
cmdc_protocol_all_questions_binary_tfidf_logistic,CMDC,Text,MDD classification,TF-IDF + Logistic (all_questions),binary_classification,ECE,0.331910756898777,0.0,0.26688429666104957,0.3839749740632529,5,77.0
cmdc_protocol_all_questions_binary_tfidf_logistic,CMDC,Text,MDD classification,TF-IDF + Logistic (all_questions),binary_classification,Macro-F1,0.8504208935894668,0.0,0.7658256626788645,0.9215086646279307,5,77.0
cmdc_protocol_all_questions_hamd17_tfidf_ridge,CMDC,Text,HAMD-17 regression,TF-IDF + Ridge (all_questions),severity_regression,CCC,-0.07849986432127173,0.0,-0.14290028650681905,0.0037843930092794657,5,25.0
cmdc_protocol_all_questions_hamd17_tfidf_ridge,CMDC,Text,HAMD-17 regression,TF-IDF + Ridge (all_questions),severity_regression,MAE,3.7138779512543243,4.440892098500626e-16,2.9851412686710765,4.577938774143958,5,25.0
cmdc_protocol_all_questions_hamd17_tfidf_ridge,CMDC,Text,HAMD-17 regression,TF-IDF + Ridge (all_questions),severity_regression,RMSE,4.371880948657623,0.0,3.5788885320812356,5.163467132775024,5,25.0
cmdc_protocol_all_questions_hamd17_tfidf_ridge,CMDC,Text,HAMD-17 regression,TF-IDF + Ridge (all_questions),severity_regression,Spearman,-0.3640953779515428,0.0,-0.7053521857838922,0.10301893229598055,5,25.0
cmdc_protocol_all_questions_phq9_tfidf_ridge,CMDC,Text,PHQ-9 regression,TF-IDF + Ridge (all_questions),severity_regression,CCC,0.05284961351681713,0.0,0.03958029110196645,0.06511618267681524,5,77.0
cmdc_protocol_all_questions_phq9_tfidf_ridge,CMDC,Text,PHQ-9 regression,TF-IDF + Ridge (all_questions),severity_regression,MAE,6.4280737027340535,0.0,5.673517496148403,7.097963436415036,5,77.0
cmdc_protocol_all_questions_phq9_tfidf_ridge,CMDC,Text,PHQ-9 regression,TF-IDF + Ridge (all_questions),severity_regression,RMSE,7.4341615122547875,8.881784197001252e-16,6.50843157048114,8.210221021203612,5,77.0
cmdc_protocol_all_questions_phq9_tfidf_ridge,CMDC,Text,PHQ-9 regression,TF-IDF + Ridge (all_questions),severity_regression,Spearman,0.5798400391611664,0.0,0.3851648791960552,0.7141491362862116,5,77.0
cmdc_protocol_q01_only_binary_tfidf_logistic,CMDC,Text,MDD classification,TF-IDF + Logistic (q01_only),binary_classification,AUPRC,0.7247155970742927,0.0,0.5471216610046845,0.9196192494306505,5,77.0
cmdc_protocol_q01_only_binary_tfidf_logistic,CMDC,Text,MDD classification,TF-IDF + Logistic (q01_only),binary_classification,AUROC,0.8338461538461537,1.1102230246251565e-16,0.7124770197335132,0.9396265833919774,5,77.0
cmdc_protocol_q01_only_binary_tfidf_logistic,CMDC,Text,MDD classification,TF-IDF + Logistic (q01_only),binary_classification,Balanced Accuracy,0.7207692307692308,0.0,0.6272647947842116,0.8215681818181817,5,77.0
cmdc_protocol_q01_only_binary_tfidf_logistic,CMDC,Text,MDD classification,TF-IDF + Logistic (q01_only),binary_classification,Brier Score,0.20895426209277973,0.0,0.19520695157125503,0.222398137197337,5,77.0
cmdc_protocol_q01_only_binary_tfidf_logistic,CMDC,Text,MDD classification,TF-IDF + Logistic (q01_only),binary_classification,ECE,0.24479507607075565,0.0,0.1675544280783269,0.3201369544517557,5,77.0
cmdc_protocol_q01_only_binary_tfidf_logistic,CMDC,Text,MDD classification,TF-IDF + Logistic (q01_only),binary_classification,Macro-F1,0.7424749163879598,0.0,0.6223777623572115,0.845564414137271,5,77.0
cmdc_protocol_q01_only_hamd17_tfidf_ridge,CMDC,Text,HAMD-17 regression,TF-IDF + Ridge (q01_only),severity_regression,CCC,-0.051373716431162356,6.938893903907228e-18,-0.1503952093450826,0.05134449501232754,5,25.0
cmdc_protocol_q01_only_hamd17_tfidf_ridge,CMDC,Text,HAMD-17 regression,TF-IDF + Ridge (q01_only),severity_regression,MAE,3.6671411659961075,4.440892098500626e-16,2.955650708514376,4.51926094255759,5,25.0
cmdc_protocol_q01_only_hamd17_tfidf_ridge,CMDC,Text,HAMD-17 regression,TF-IDF + Ridge (q01_only),severity_regression,RMSE,4.324117363363587,0.0,3.525921086264156,5.102795447370624,5,25.0
cmdc_protocol_q01_only_hamd17_tfidf_ridge,CMDC,Text,HAMD-17 regression,TF-IDF + Ridge (q01_only),severity_regression,Spearman,-0.23475078451170522,0.0,-0.6501588531593288,0.2897789963654757,5,25.0
cmdc_protocol_q01_only_phq9_tfidf_ridge,CMDC,Text,PHQ-9 regression,TF-IDF + Ridge (q01_only),severity_regression,CCC,0.05104259461729299,0.0,0.03302535449418361,0.07673578846651219,5,77.0
cmdc_protocol_q01_only_phq9_tfidf_ridge,CMDC,Text,PHQ-9 regression,TF-IDF + Ridge (q01_only),severity_regression,MAE,6.411088255880318,8.881784197001252e-16,5.656160689741122,7.074334388456345,5,77.0
cmdc_protocol_q01_only_phq9_tfidf_ridge,CMDC,Text,PHQ-9 regression,TF-IDF + Ridge (q01_only),severity_regression,RMSE,7.450556514583733,0.0,6.499231935733944,8.200235581890064,5,77.0
cmdc_protocol_q01_only_phq9_tfidf_ridge,CMDC,Text,PHQ-9 regression,TF-IDF + Ridge (q01_only),severity_regression,Spearman,0.3417253674686225,0.0,0.16475555169840528,0.5243221654350685,5,77.0
cmdc_protocol_q01_q04_binary_tfidf_logistic,CMDC,Text,MDD classification,TF-IDF + Logistic (q01_q04),binary_classification,AUPRC,0.9580269178231704,1.1102230246251565e-16,0.880768496418358,0.9934850936100934,5,77.0
cmdc_protocol_q01_q04_binary_tfidf_logistic,CMDC,Text,MDD classification,TF-IDF + Logistic (q01_q04),binary_classification,AUROC,0.9792307692307693,1.1102230246251565e-16,0.9531641187548466,0.9969879015435963,5,77.0
cmdc_protocol_q01_q04_binary_tfidf_logistic,CMDC,Text,MDD classification,TF-IDF + Logistic (q01_q04),binary_classification,Balanced Accuracy,0.7703846153846154,0.0,0.6749612573099415,0.8542410714285715,5,77.0
cmdc_protocol_q01_q04_binary_tfidf_logistic,CMDC,Text,MDD classification,TF-IDF + Logistic (q01_q04),binary_classification,Brier Score,0.20382105978046067,0.0,0.19566513793630352,0.21139134650566174,5,77.0
cmdc_protocol_q01_q04_binary_tfidf_logistic,CMDC,Text,MDD classification,TF-IDF + Logistic (q01_q04),binary_classification,ECE,0.28750223757059223,0.0,0.2157031625118572,0.3511620108599749,5,77.0
cmdc_protocol_q01_q04_binary_tfidf_logistic,CMDC,Text,MDD classification,TF-IDF + Logistic (q01_q04),binary_classification,Macro-F1,0.7973684210526316,0.0,0.6942226255293406,0.8728823613493425,5,77.0
cmdc_protocol_q01_q04_hamd17_tfidf_ridge,CMDC,Text,HAMD-17 regression,TF-IDF + Ridge (q01_q04),severity_regression,CCC,-0.08612395982872476,0.0,-0.14748539946026484,-5.036094750057248e-05,5,25.0
cmdc_protocol_q01_q04_hamd17_tfidf_ridge,CMDC,Text,HAMD-17 regression,TF-IDF + Ridge (q01_q04),severity_regression,MAE,3.73074937460578,0.0,2.9918209258570636,4.616560192971869,5,25.0
cmdc_protocol_q01_q04_hamd17_tfidf_ridge,CMDC,Text,HAMD-17 regression,TF-IDF + Ridge (q01_q04),severity_regression,RMSE,4.388685208268757,0.0,3.5936922298837564,5.184645401159501,5,25.0
cmdc_protocol_q01_q04_hamd17_tfidf_ridge,CMDC,Text,HAMD-17 regression,TF-IDF + Ridge (q01_q04),severity_regression,Spearman,-0.43938551443144824,0.0,-0.735917674223189,0.0552190240392141,5,25.0
cmdc_protocol_q01_q04_phq9_tfidf_ridge,CMDC,Text,PHQ-9 regression,TF-IDF + Ridge (q01_q04),severity_regression,CCC,0.059801570102756815,6.938893903907228e-18,0.04565250139532835,0.07494593345215418,5,77.0
cmdc_protocol_q01_q04_phq9_tfidf_ridge,CMDC,Text,PHQ-9 regression,TF-IDF + Ridge (q01_q04),severity_regression,MAE,6.409049507517683,0.0,5.6609313125332665,7.085233783178088,5,77.0
cmdc_protocol_q01_q04_phq9_tfidf_ridge,CMDC,Text,PHQ-9 regression,TF-IDF + Ridge (q01_q04),severity_regression,RMSE,7.408224813590562,8.881784197001252e-16,6.509583066565524,8.170723621010211,5,77.0
cmdc_protocol_q01_q04_phq9_tfidf_ridge,CMDC,Text,PHQ-9 regression,TF-IDF + Ridge (q01_q04),severity_regression,Spearman,0.5839440905641671,0.0,0.3960999653556149,0.71825678180807,5,77.0
cmdc_protocol_q02_only_binary_tfidf_logistic,CMDC,Text,MDD classification,TF-IDF + Logistic (q02_only),binary_classification,AUPRC,0.4835748188394514,0.0,0.3237113240124454,0.6763549664244161,5,77.0
cmdc_protocol_q02_only_binary_tfidf_logistic,CMDC,Text,MDD classification,TF-IDF + Logistic (q02_only),binary_classification,AUROC,0.6823076923076923,0.0,0.5726190735102219,0.8115384615384615,5,77.0
cmdc_protocol_q02_only_binary_tfidf_logistic,CMDC,Text,MDD classification,TF-IDF + Logistic (q02_only),binary_classification,Balanced Accuracy,0.5726923076923077,0.0,0.48886502177068214,0.6911764705882353,5,77.0
cmdc_protocol_q02_only_binary_tfidf_logistic,CMDC,Text,MDD classification,TF-IDF + Logistic (q02_only),binary_classification,Brier Score,0.22567770634036596,2.7755575615628914e-17,0.21261062392451988,0.2367139464052515,5,77.0
cmdc_protocol_q02_only_binary_tfidf_logistic,CMDC,Text,MDD classification,TF-IDF + Logistic (q02_only),binary_classification,ECE,0.1336151861762507,0.0,0.07102847976102357,0.23348871039014213,5,77.0
cmdc_protocol_q02_only_binary_tfidf_logistic,CMDC,Text,MDD classification,TF-IDF + Logistic (q02_only),binary_classification,Macro-F1,0.5707915273132664,0.0,0.46893591665705603,0.7019391316366904,5,77.0
cmdc_protocol_q02_only_hamd17_tfidf_ridge,CMDC,Text,HAMD-17 regression,TF-IDF + Ridge (q02_only),severity_regression,CCC,-0.09901871477926372,0.0,-0.176232689606186,-0.006711813039413021,5,25.0
cmdc_protocol_q02_only_hamd17_tfidf_ridge,CMDC,Text,HAMD-17 regression,TF-IDF + Ridge (q02_only),severity_regression,MAE,3.7715035005433832,0.0,3.03325416873812,4.61460037647442,5,25.0
cmdc_protocol_q02_only_hamd17_tfidf_ridge,CMDC,Text,HAMD-17 regression,TF-IDF + Ridge (q02_only),severity_regression,RMSE,4.420299979680491,0.0,3.6101992481020035,5.216145097436712,5,25.0
cmdc_protocol_q02_only_hamd17_tfidf_ridge,CMDC,Text,HAMD-17 regression,TF-IDF + Ridge (q02_only),severity_regression,Spearman,-0.4610072972154211,0.0,-0.7607435393739096,-0.003974082118975585,5,25.0
cmdc_protocol_q02_only_phq9_tfidf_ridge,CMDC,Text,PHQ-9 regression,TF-IDF + Ridge (q02_only),severity_regression,CCC,0.015865473857744554,0.0,2.6649297171197474e-06,0.03339750527720993,5,77.0
cmdc_protocol_q02_only_phq9_tfidf_ridge,CMDC,Text,PHQ-9 regression,TF-IDF + Ridge (q02_only),severity_regression,MAE,6.556586266110441,8.881784197001252e-16,5.778403815656822,7.257266448235294,5,77.0
cmdc_protocol_q02_only_phq9_tfidf_ridge,CMDC,Text,PHQ-9 regression,TF-IDF + Ridge (q02_only),severity_regression,RMSE,7.580323370783613,0.0,6.641426855993044,8.365203133230686,5,77.0
cmdc_protocol_q02_only_phq9_tfidf_ridge,CMDC,Text,PHQ-9 regression,TF-IDF + Ridge (q02_only),severity_regression,Spearman,0.14101201859436296,0.0,-0.0501995305083164,0.3328163454336954,5,77.0
cmdc_protocol_q03_only_binary_tfidf_logistic,CMDC,Text,MDD classification,TF-IDF + Logistic (q03_only),binary_classification,AUPRC,0.9537827347920309,1.1102230246251565e-16,0.8957018358803224,0.9945467766305714,5,77.0
cmdc_protocol_q03_only_binary_tfidf_logistic,CMDC,Text,MDD classification,TF-IDF + Logistic (q03_only),binary_classification,AUROC,0.9769230769230768,1.1102230246251565e-16,0.9496136089923726,0.9975372725772825,5,77.0
cmdc_protocol_q03_only_binary_tfidf_logistic,CMDC,Text,MDD classification,TF-IDF + Logistic (q03_only),binary_classification,Balanced Accuracy,0.7903846153846154,0.0,0.6937037037037037,0.8750972222222222,5,77.0
cmdc_protocol_q03_only_binary_tfidf_logistic,CMDC,Text,MDD classification,TF-IDF + Logistic (q03_only),binary_classification,Brier Score,0.20516473297729804,0.0,0.19809336574695197,0.21295994820945668,5,77.0
cmdc_protocol_q03_only_binary_tfidf_logistic,CMDC,Text,MDD classification,TF-IDF + Logistic (q03_only),binary_classification,ECE,0.3028937378585128,0.0,0.215912537249565,0.36422206892159936,5,77.0
cmdc_protocol_q03_only_binary_tfidf_logistic,CMDC,Text,MDD classification,TF-IDF + Logistic (q03_only),binary_classification,Macro-F1,0.8171810921649041,1.1102230246251565e-16,0.7081382385730212,0.895546218487395,5,77.0
cmdc_protocol_q03_only_hamd17_tfidf_ridge,CMDC,Text,HAMD-17 regression,TF-IDF + Ridge (q03_only),severity_regression,CCC,-0.08772966484374654,0.0,-0.14871869453801617,-0.0014989966835305159,5,25.0
cmdc_protocol_q03_only_hamd17_tfidf_ridge,CMDC,Text,HAMD-17 regression,TF-IDF + Ridge (q03_only),severity_regression,MAE,3.7295788728979966,0.0,2.983405575486966,4.6234335432302744,5,25.0
cmdc_protocol_q03_only_hamd17_tfidf_ridge,CMDC,Text,HAMD-17 regression,TF-IDF + Ridge (q03_only),severity_regression,RMSE,4.3925365749916825,0.0,3.5773428384832138,5.198003206206924,5,25.0
cmdc_protocol_q03_only_hamd17_tfidf_ridge,CMDC,Text,HAMD-17 regression,TF-IDF + Ridge (q03_only),severity_regression,Spearman,-0.4347522752634541,5.551115123125783e-17,-0.7322776199617718,0.05705238140224515,5,25.0
cmdc_protocol_q03_only_phq9_tfidf_ridge,CMDC,Text,PHQ-9 regression,TF-IDF + Ridge (q03_only),severity_regression,CCC,0.06456333042000045,0.0,0.05171841885470184,0.08268462894546871,5,77.0
cmdc_protocol_q03_only_phq9_tfidf_ridge,CMDC,Text,PHQ-9 regression,TF-IDF + Ridge (q03_only),severity_regression,MAE,6.399496275041384,0.0,5.648907813745204,7.0575988388579045,5,77.0
cmdc_protocol_q03_only_phq9_tfidf_ridge,CMDC,Text,PHQ-9 regression,TF-IDF + Ridge (q03_only),severity_regression,RMSE,7.390315702562141,0.0,6.492989446581245,8.154035926069486,5,77.0
cmdc_protocol_q03_only_phq9_tfidf_ridge,CMDC,Text,PHQ-9 regression,TF-IDF + Ridge (q03_only),severity_regression,Spearman,0.6066691130578051,0.0,0.4109874586340031,0.7281959098571811,5,77.0
cmdc_protocol_q04_only_binary_tfidf_logistic,CMDC,Text,MDD classification,TF-IDF + Logistic (q04_only),binary_classification,AUPRC,0.648504935325739,0.0,0.46695143660960986,0.7770062644355419,5,77.0
cmdc_protocol_q04_only_binary_tfidf_logistic,CMDC,Text,MDD classification,TF-IDF + Logistic (q04_only),binary_classification,AUROC,0.7438461538461538,0.0,0.6283776010404162,0.841320880142508,5,77.0
cmdc_protocol_q04_only_binary_tfidf_logistic,CMDC,Text,MDD classification,TF-IDF + Logistic (q04_only),binary_classification,Balanced Accuracy,0.6407692307692308,0.0,0.5511949685534592,0.721924178895877,5,77.0
cmdc_protocol_q04_only_binary_tfidf_logistic,CMDC,Text,MDD classification,TF-IDF + Logistic (q04_only),binary_classification,Brier Score,0.21284830156651982,2.7755575615628914e-17,0.2015748213887097,0.22496644308733593,5,77.0
cmdc_protocol_q04_only_binary_tfidf_logistic,CMDC,Text,MDD classification,TF-IDF + Logistic (q04_only),binary_classification,ECE,0.18330491329101137,0.0,0.10495093669996794,0.2645471243316133,5,77.0
cmdc_protocol_q04_only_binary_tfidf_logistic,CMDC,Text,MDD classification,TF-IDF + Logistic (q04_only),binary_classification,Macro-F1,0.6487394957983194,0.0,0.5113852832512316,0.7507014893157782,5,77.0
cmdc_protocol_q04_only_hamd17_tfidf_ridge,CMDC,Text,HAMD-17 regression,TF-IDF + Ridge (q04_only),severity_regression,CCC,-0.10832398956954843,0.0,-0.17115043027454846,-0.02036668018229429,5,25.0
cmdc_protocol_q04_only_hamd17_tfidf_ridge,CMDC,Text,HAMD-17 regression,TF-IDF + Ridge (q04_only),severity_regression,MAE,3.7713650294515055,0.0,3.0334401555825674,4.652758913523639,5,25.0
cmdc_protocol_q04_only_hamd17_tfidf_ridge,CMDC,Text,HAMD-17 regression,TF-IDF + Ridge (q04_only),severity_regression,RMSE,4.438112377237132,0.0,3.625190631499927,5.239744689939687,5,25.0
cmdc_protocol_q04_only_hamd17_tfidf_ridge,CMDC,Text,HAMD-17 regression,TF-IDF + Ridge (q04_only),severity_regression,Spearman,-0.50965630847936,0.0,-0.772864671369679,-0.056698877484673824,5,25.0
cmdc_protocol_q04_only_phq9_tfidf_ridge,CMDC,Text,PHQ-9 regression,TF-IDF + Ridge (q04_only),severity_regression,CCC,0.05016088506540477,6.938893903907228e-18,0.0171626985474364,0.08513996394571542,5,77.0
cmdc_protocol_q04_only_phq9_tfidf_ridge,CMDC,Text,PHQ-9 regression,TF-IDF + Ridge (q04_only),severity_regression,MAE,6.434007801360556,8.881784197001252e-16,5.660099398965933,7.110200382247808,5,77.0
cmdc_protocol_q04_only_phq9_tfidf_ridge,CMDC,Text,PHQ-9 regression,TF-IDF + Ridge (q04_only),severity_regression,RMSE,7.4553896308467795,0.0,6.535021582037528,8.215873480124928,5,77.0
cmdc_protocol_q04_only_phq9_tfidf_ridge,CMDC,Text,PHQ-9 regression,TF-IDF + Ridge (q04_only),severity_regression,Spearman,0.2299862592050475,2.7755575615628914e-17,-0.013125506823475862,0.44795126119190537,5,77.0
cmdc_protocol_q05_only_binary_tfidf_logistic,CMDC,Text,MDD classification,TF-IDF + Logistic (q05_only),binary_classification,AUPRC,0.5331756996119471,0.0,0.3416403939529486,0.7398357315973669,5,77.0
cmdc_protocol_q05_only_binary_tfidf_logistic,CMDC,Text,MDD classification,TF-IDF + Logistic (q05_only),binary_classification,AUROC,0.73,0.0,0.59449679943101,0.8376681669394437,5,77.0
cmdc_protocol_q05_only_binary_tfidf_logistic,CMDC,Text,MDD classification,TF-IDF + Logistic (q05_only),binary_classification,Balanced Accuracy,0.6519230769230769,0.0,0.5447931790683604,0.7501167385057471,5,77.0
cmdc_protocol_q05_only_binary_tfidf_logistic,CMDC,Text,MDD classification,TF-IDF + Logistic (q05_only),binary_classification,Brier Score,0.2205631864283407,0.0,0.20617763584444285,0.23542637548130613,5,77.0
cmdc_protocol_q05_only_binary_tfidf_logistic,CMDC,Text,MDD classification,TF-IDF + Logistic (q05_only),binary_classification,ECE,0.1971581727093457,0.0,0.10134583052870658,0.29424410357781905,5,77.0
cmdc_protocol_q05_only_binary_tfidf_logistic,CMDC,Text,MDD classification,TF-IDF + Logistic (q05_only),binary_classification,Macro-F1,0.6622807017543859,0.0,0.5282168601066238,0.7688877848436673,5,77.0
cmdc_protocol_q05_only_hamd17_tfidf_ridge,CMDC,Text,HAMD-17 regression,TF-IDF + Ridge (q05_only),severity_regression,CCC,-0.06340015991413363,0.0,-0.13417598803427924,0.004700252717117074,5,25.0
cmdc_protocol_q05_only_hamd17_tfidf_ridge,CMDC,Text,HAMD-17 regression,TF-IDF + Ridge (q05_only),severity_regression,MAE,3.6846970533751415,0.0,2.9534839693846693,4.503606674526111,5,25.0
cmdc_protocol_q05_only_hamd17_tfidf_ridge,CMDC,Text,HAMD-17 regression,TF-IDF + Ridge (q05_only),severity_regression,RMSE,4.339096311392019,0.0,3.525093048577427,5.064946706839852,5,25.0
cmdc_protocol_q05_only_hamd17_tfidf_ridge,CMDC,Text,HAMD-17 regression,TF-IDF + Ridge (q05_only),severity_regression,Spearman,-0.32471284502359227,0.0,-0.6753918852480997,0.1014116766288532,5,25.0
cmdc_protocol_q05_only_phq9_tfidf_ridge,CMDC,Text,PHQ-9 regression,TF-IDF + Ridge (q05_only),severity_regression,CCC,0.04143853200536426,0.0,0.023694755629709345,0.0605389023917165,5,77.0
cmdc_protocol_q05_only_phq9_tfidf_ridge,CMDC,Text,PHQ-9 regression,TF-IDF + Ridge (q05_only),severity_regression,MAE,6.464764514275906,0.0,5.690501092328112,7.1490949503180135,5,77.0
cmdc_protocol_q05_only_phq9_tfidf_ridge,CMDC,Text,PHQ-9 regression,TF-IDF + Ridge (q05_only),severity_regression,RMSE,7.4816585296988745,8.881784197001252e-16,6.568815015802533,8.260152677073574,5,77.0
cmdc_protocol_q05_only_phq9_tfidf_ridge,CMDC,Text,PHQ-9 regression,TF-IDF + Ridge (q05_only),severity_regression,Spearman,0.38836003796991064,0.0,0.19526700635514807,0.611596354005836,5,77.0
cmdc_protocol_q05_q08_binary_tfidf_logistic,CMDC,Text,MDD classification,TF-IDF + Logistic (q05_q08),binary_classification,AUPRC,0.8520109732128848,0.0,0.6851738996334191,0.9650637368149562,5,77.0
cmdc_protocol_q05_q08_binary_tfidf_logistic,CMDC,Text,MDD classification,TF-IDF + Logistic (q05_q08),binary_classification,AUROC,0.9392307692307693,1.1102230246251565e-16,0.8716493055555554,0.9821428571428571,5,77.0
cmdc_protocol_q05_q08_binary_tfidf_logistic,CMDC,Text,MDD classification,TF-IDF + Logistic (q05_q08),binary_classification,Balanced Accuracy,0.7007692307692308,0.0,0.5957767722473605,0.8095453296703298,5,77.0
cmdc_protocol_q05_q08_binary_tfidf_logistic,CMDC,Text,MDD classification,TF-IDF + Logistic (q05_q08),binary_classification,Brier Score,0.20917876492908488,2.7755575615628914e-17,0.20006611563113674,0.21958541582084262,5,77.0
cmdc_protocol_q05_q08_binary_tfidf_logistic,CMDC,Text,MDD classification,TF-IDF + Logistic (q05_q08),binary_classification,ECE,0.23719026846290653,2.7755575615628914e-17,0.14933878153453542,0.31294854540766026,5,77.0
cmdc_protocol_q05_q08_binary_tfidf_logistic,CMDC,Text,MDD classification,TF-IDF + Logistic (q05_q08),binary_classification,Macro-F1,0.7205081669691469,0.0,0.5938759119927041,0.8353975340136055,5,77.0
cmdc_protocol_q05_q08_hamd17_tfidf_ridge,CMDC,Text,HAMD-17 regression,TF-IDF + Ridge (q05_q08),severity_regression,CCC,-0.0867947933662764,0.0,-0.14501104009191365,-0.016711893299018673,5,25.0
cmdc_protocol_q05_q08_hamd17_tfidf_ridge,CMDC,Text,HAMD-17 regression,TF-IDF + Ridge (q05_q08),severity_regression,MAE,3.7255631732700385,4.440892098500626e-16,2.9944309952746644,4.569711828957845,5,25.0
cmdc_protocol_q05_q08_hamd17_tfidf_ridge,CMDC,Text,HAMD-17 regression,TF-IDF + Ridge (q05_q08),severity_regression,RMSE,4.386073676046407,0.0,3.5648006714313025,5.165359252960743,5,25.0
cmdc_protocol_q05_q08_hamd17_tfidf_ridge,CMDC,Text,HAMD-17 regression,TF-IDF + Ridge (q05_q08),severity_regression,Spearman,-0.4166054218554768,5.551115123125783e-17,-0.6916955680108772,0.011514034259586697,5,25.0
cmdc_protocol_q05_q08_phq9_tfidf_ridge,CMDC,Text,PHQ-9 regression,TF-IDF + Ridge (q05_q08),severity_regression,CCC,0.03973668361179306,0.0,0.024948699721128315,0.05489707200539988,5,77.0
cmdc_protocol_q05_q08_phq9_tfidf_ridge,CMDC,Text,PHQ-9 regression,TF-IDF + Ridge (q05_q08),severity_regression,MAE,6.453469450582231,8.881784197001252e-16,5.703307987432164,7.15102584974583,5,77.0
cmdc_protocol_q05_q08_phq9_tfidf_ridge,CMDC,Text,PHQ-9 regression,TF-IDF + Ridge (q05_q08),severity_regression,RMSE,7.485496493812478,0.0,6.556205110602653,8.277028010289438,5,77.0
cmdc_protocol_q05_q08_phq9_tfidf_ridge,CMDC,Text,PHQ-9 regression,TF-IDF + Ridge (q05_q08),severity_regression,Spearman,0.4572763293006803,0.0,0.27972620648735697,0.6118560474913204,5,77.0
cmdc_protocol_q06_only_binary_tfidf_logistic,CMDC,Text,MDD classification,TF-IDF + Logistic (q06_only),binary_classification,AUPRC,0.5388419291137546,0.0,0.35451542878683096,0.7371230148623518,5,77.0
cmdc_protocol_q06_only_binary_tfidf_logistic,CMDC,Text,MDD classification,TF-IDF + Logistic (q06_only),binary_classification,AUROC,0.7184615384615385,0.0,0.5745855830254807,0.8390288111821619,5,77.0
cmdc_protocol_q06_only_binary_tfidf_logistic,CMDC,Text,MDD classification,TF-IDF + Logistic (q06_only),binary_classification,Balanced Accuracy,0.5511538461538461,0.0,0.485350082541245,0.6270867281303603,5,77.0
cmdc_protocol_q06_only_binary_tfidf_logistic,CMDC,Text,MDD classification,TF-IDF + Logistic (q06_only),binary_classification,Brier Score,0.2269128410084061,2.7755575615628914e-17,0.21606415362004278,0.24045235934957035,5,77.0
cmdc_protocol_q06_only_binary_tfidf_logistic,CMDC,Text,MDD classification,TF-IDF + Logistic (q06_only),binary_classification,ECE,0.1407754131464977,0.0,0.0606670013789823,0.2463922377190552,5,77.0
cmdc_protocol_q06_only_binary_tfidf_logistic,CMDC,Text,MDD classification,TF-IDF + Logistic (q06_only),binary_classification,Macro-F1,0.5266393442622951,0.0,0.4268805563604753,0.6419384411932902,5,77.0
cmdc_protocol_q06_only_hamd17_tfidf_ridge,CMDC,Text,HAMD-17 regression,TF-IDF + Ridge (q06_only),severity_regression,CCC,-0.08930653309710954,0.0,-0.15044438753477243,-0.0068413886274251825,5,25.0
cmdc_protocol_q06_only_hamd17_tfidf_ridge,CMDC,Text,HAMD-17 regression,TF-IDF + Ridge (q06_only),severity_regression,MAE,3.7380766429153516,0.0,3.0007165811869263,4.627121358345292,5,25.0
cmdc_protocol_q06_only_hamd17_tfidf_ridge,CMDC,Text,HAMD-17 regression,TF-IDF + Ridge (q06_only),severity_regression,RMSE,4.394014503851806,0.0,3.579788593591947,5.181828279968505,5,25.0
cmdc_protocol_q06_only_hamd17_tfidf_ridge,CMDC,Text,HAMD-17 regression,TF-IDF + Ridge (q06_only),severity_regression,Spearman,-0.4316634491514579,5.551115123125783e-17,-0.7612669512847763,0.05873266067898884,5,25.0
cmdc_protocol_q06_only_phq9_tfidf_ridge,CMDC,Text,PHQ-9 regression,TF-IDF + Ridge (q06_only),severity_regression,CCC,0.019859584088959475,0.0,0.005174499901791635,0.03368828427126515,5,77.0
cmdc_protocol_q06_only_phq9_tfidf_ridge,CMDC,Text,PHQ-9 regression,TF-IDF + Ridge (q06_only),severity_regression,MAE,6.529538342645033,0.0,5.769701655314571,7.1924308256000895,5,77.0
cmdc_protocol_q06_only_phq9_tfidf_ridge,CMDC,Text,PHQ-9 regression,TF-IDF + Ridge (q06_only),severity_regression,RMSE,7.562443572061655,8.881784197001252e-16,6.643253861265839,8.353792776194625,5,77.0
cmdc_protocol_q06_only_phq9_tfidf_ridge,CMDC,Text,PHQ-9 regression,TF-IDF + Ridge (q06_only),severity_regression,Spearman,0.2895282088479343,0.0,0.09341692896244155,0.49438910723107476,5,77.0
cmdc_protocol_q07_only_binary_tfidf_logistic,CMDC,Text,MDD classification,TF-IDF + Logistic (q07_only),binary_classification,AUPRC,0.7716740593594511,0.0,0.6219984815094126,0.8966932826187621,5,77.0
cmdc_protocol_q07_only_binary_tfidf_logistic,CMDC,Text,MDD classification,TF-IDF + Logistic (q07_only),binary_classification,AUROC,0.8653846153846153,1.1102230246251565e-16,0.7899545656028369,0.9388381642512076,5,77.0
cmdc_protocol_q07_only_binary_tfidf_logistic,CMDC,Text,MDD classification,TF-IDF + Logistic (q07_only),binary_classification,Balanced Accuracy,0.6703846153846154,0.0,0.582909604519774,0.767893294323379,5,77.0
cmdc_protocol_q07_only_binary_tfidf_logistic,CMDC,Text,MDD classification,TF-IDF + Logistic (q07_only),binary_classification,Brier Score,0.2114139063051276,2.7755575615628914e-17,0.20134140054400645,0.22095411331127335,5,77.0
cmdc_protocol_q07_only_binary_tfidf_logistic,CMDC,Text,MDD classification,TF-IDF + Logistic (q07_only),binary_classification,ECE,0.22188272368623102,0.0,0.13244555058251445,0.3006148277899926,5,77.0
cmdc_protocol_q07_only_binary_tfidf_logistic,CMDC,Text,MDD classification,TF-IDF + Logistic (q07_only),binary_classification,Macro-F1,0.6857142857142857,0.0,0.5630504061878835,0.8088275862068965,5,77.0
cmdc_protocol_q07_only_hamd17_tfidf_ridge,CMDC,Text,HAMD-17 regression,TF-IDF + Ridge (q07_only),severity_regression,CCC,-0.09251174237556635,0.0,-0.1638484495886842,-0.02514861574550089,5,25.0
cmdc_protocol_q07_only_hamd17_tfidf_ridge,CMDC,Text,HAMD-17 regression,TF-IDF + Ridge (q07_only),severity_regression,MAE,3.7331652569519513,0.0,2.98578007831397,4.630499005626326,5,25.0
cmdc_protocol_q07_only_hamd17_tfidf_ridge,CMDC,Text,HAMD-17 regression,TF-IDF + Ridge (q07_only),severity_regression,RMSE,4.402797815358669,0.0,3.582592666173317,5.174368176093213,5,25.0
cmdc_protocol_q07_only_hamd17_tfidf_ridge,CMDC,Text,HAMD-17 regression,TF-IDF + Ridge (q07_only),severity_regression,Spearman,-0.4378411013754501,5.551115123125783e-17,-0.7604822946357218,-0.04376061692796915,5,25.0
cmdc_protocol_q07_only_phq9_tfidf_ridge,CMDC,Text,PHQ-9 regression,TF-IDF + Ridge (q07_only),severity_regression,CCC,0.039108893892620504,0.0,0.023803212785659632,0.054062714991034114,5,77.0
cmdc_protocol_q07_only_phq9_tfidf_ridge,CMDC,Text,PHQ-9 regression,TF-IDF + Ridge (q07_only),severity_regression,MAE,6.48224615613145,8.881784197001252e-16,5.74034827336191,7.182259073652294,5,77.0
cmdc_protocol_q07_only_phq9_tfidf_ridge,CMDC,Text,PHQ-9 regression,TF-IDF + Ridge (q07_only),severity_regression,RMSE,7.489105159908734,8.881784197001252e-16,6.583499633408837,8.234270569249992,5,77.0
cmdc_protocol_q07_only_phq9_tfidf_ridge,CMDC,Text,PHQ-9 regression,TF-IDF + Ridge (q07_only),severity_regression,Spearman,0.4286542232376821,5.551115123125783e-17,0.22972774723459236,0.6015532452623676,5,77.0
cmdc_protocol_q08_only_binary_tfidf_logistic,CMDC,Text,MDD classification,TF-IDF + Logistic (q08_only),binary_classification,AUPRC,0.7574044805776134,0.0,0.578119126171797,0.9180471887216972,5,77.0
cmdc_protocol_q08_only_binary_tfidf_logistic,CMDC,Text,MDD classification,TF-IDF + Logistic (q08_only),binary_classification,AUROC,0.9,0.0,0.8214242581090406,0.9553000186636804,5,77.0
cmdc_protocol_q08_only_binary_tfidf_logistic,CMDC,Text,MDD classification,TF-IDF + Logistic (q08_only),binary_classification,Balanced Accuracy,0.8015384615384615,0.0,0.7126351809954752,0.8904881239935587,5,77.0
cmdc_protocol_q08_only_binary_tfidf_logistic,CMDC,Text,MDD classification,TF-IDF + Logistic (q08_only),binary_classification,Brier Score,0.1897613783547591,0.0,0.1757721891663696,0.20406396513311612,5,77.0
cmdc_protocol_q08_only_binary_tfidf_logistic,CMDC,Text,MDD classification,TF-IDF + Logistic (q08_only),binary_classification,ECE,0.25464644639956013,0.0,0.18325097342008156,0.32886481973822834,5,77.0
cmdc_protocol_q08_only_binary_tfidf_logistic,CMDC,Text,MDD classification,TF-IDF + Logistic (q08_only),binary_classification,Macro-F1,0.814009661835749,1.1102230246251565e-16,0.7210144927536233,0.8988307416267943,5,77.0
cmdc_protocol_q08_only_hamd17_tfidf_ridge,CMDC,Text,HAMD-17 regression,TF-IDF + Ridge (q08_only),severity_regression,CCC,-0.06710206380541024,0.0,-0.12570372169202373,0.006465442543152319,5,25.0
cmdc_protocol_q08_only_hamd17_tfidf_ridge,CMDC,Text,HAMD-17 regression,TF-IDF + Ridge (q08_only),severity_regression,MAE,3.6596447988627774,0.0,2.9046807390409937,4.590882097772955,5,25.0
cmdc_protocol_q08_only_hamd17_tfidf_ridge,CMDC,Text,HAMD-17 regression,TF-IDF + Ridge (q08_only),severity_regression,RMSE,4.349709024103042,0.0,3.5144205524776426,5.1723593048212875,5,25.0
cmdc_protocol_q08_only_hamd17_tfidf_ridge,CMDC,Text,HAMD-17 regression,TF-IDF + Ridge (q08_only),severity_regression,Spearman,-0.35289838329555684,0.0,-0.6351466873063373,0.08138084577803152,5,25.0
cmdc_protocol_q08_only_phq9_tfidf_ridge,CMDC,Text,PHQ-9 regression,TF-IDF + Ridge (q08_only),severity_regression,CCC,0.09844129677219368,0.0,0.0655366407045719,0.13320116478550043,5,77.0
cmdc_protocol_q08_only_phq9_tfidf_ridge,CMDC,Text,PHQ-9 regression,TF-IDF + Ridge (q08_only),severity_regression,MAE,6.273073192575261,0.0,5.496132814465559,6.92129584792273,5,77.0
cmdc_protocol_q08_only_phq9_tfidf_ridge,CMDC,Text,PHQ-9 regression,TF-IDF + Ridge (q08_only),severity_regression,RMSE,7.279054561030376,8.881784197001252e-16,6.328139096796827,8.089128774040724,5,77.0
cmdc_protocol_q08_only_phq9_tfidf_ridge,CMDC,Text,PHQ-9 regression,TF-IDF + Ridge (q08_only),severity_regression,Spearman,0.5557735629726964,0.0,0.3742771118753835,0.6972339189602382,5,77.0
cmdc_protocol_q09_only_binary_tfidf_logistic,CMDC,Text,MDD classification,TF-IDF + Logistic (q09_only),binary_classification,AUPRC,0.6743193824899418,0.0,0.480376712093895,0.8475546466926266,5,77.0
cmdc_protocol_q09_only_binary_tfidf_logistic,CMDC,Text,MDD classification,TF-IDF + Logistic (q09_only),binary_classification,AUROC,0.8253846153846155,1.1102230246251565e-16,0.7420554564377044,0.9139529384756658,5,77.0
cmdc_protocol_q09_only_binary_tfidf_logistic,CMDC,Text,MDD classification,TF-IDF + Logistic (q09_only),binary_classification,Balanced Accuracy,0.671923076923077,0.0,0.5781469404186795,0.7774093614718615,5,77.0
cmdc_protocol_q09_only_binary_tfidf_logistic,CMDC,Text,MDD classification,TF-IDF + Logistic (q09_only),binary_classification,Brier Score,0.22141181122319206,2.7755575615628914e-17,0.21251588457249584,0.22928017786620658,5,77.0
cmdc_protocol_q09_only_binary_tfidf_logistic,CMDC,Text,MDD classification,TF-IDF + Logistic (q09_only),binary_classification,ECE,0.2098931741377596,0.0,0.116621704774071,0.3061499586382665,5,77.0
cmdc_protocol_q09_only_binary_tfidf_logistic,CMDC,Text,MDD classification,TF-IDF + Logistic (q09_only),binary_classification,Macro-F1,0.6842218864666523,0.0,0.573163525217647,0.7940198483496879,5,77.0
cmdc_protocol_q09_only_hamd17_tfidf_ridge,CMDC,Text,HAMD-17 regression,TF-IDF + Ridge (q09_only),severity_regression,CCC,-0.08136859860703016,0.0,-0.1505600746406617,-0.000331406141718748,5,25.0
cmdc_protocol_q09_only_hamd17_tfidf_ridge,CMDC,Text,HAMD-17 regression,TF-IDF + Ridge (q09_only),severity_regression,MAE,3.7143654658210457,4.440892098500626e-16,2.9925870686633305,4.57006724864089,5,25.0
cmdc_protocol_q09_only_hamd17_tfidf_ridge,CMDC,Text,HAMD-17 regression,TF-IDF + Ridge (q09_only),severity_regression,RMSE,4.380462901785912,0.0,3.590271616455838,5.157551892899765,5,25.0
cmdc_protocol_q09_only_hamd17_tfidf_ridge,CMDC,Text,HAMD-17 regression,TF-IDF + Ridge (q09_only),severity_regression,Spearman,-0.3474929375995636,0.0,-0.6825278271322741,0.13579434066074997,5,25.0
cmdc_protocol_q09_only_phq9_tfidf_ridge,CMDC,Text,PHQ-9 regression,TF-IDF + Ridge (q09_only),severity_regression,CCC,0.021084933679350052,0.0,0.008220207363785785,0.03968129002151014,5,77.0
cmdc_protocol_q09_only_phq9_tfidf_ridge,CMDC,Text,PHQ-9 regression,TF-IDF + Ridge (q09_only),severity_regression,MAE,6.5541783589021705,0.0,5.79270631540954,7.187924656131469,5,77.0
cmdc_protocol_q09_only_phq9_tfidf_ridge,CMDC,Text,PHQ-9 regression,TF-IDF + Ridge (q09_only),severity_regression,RMSE,7.557121737474224,8.881784197001252e-16,6.608625546058809,8.334889265058651,5,77.0
cmdc_protocol_q09_only_phq9_tfidf_ridge,CMDC,Text,PHQ-9 regression,TF-IDF + Ridge (q09_only),severity_regression,Spearman,0.23196523544791833,2.7755575615628914e-17,0.010334195662412374,0.4606749609249361,5,77.0
cmdc_protocol_q09_q12_binary_tfidf_logistic,CMDC,Text,MDD classification,TF-IDF + Logistic (q09_q12),binary_classification,AUPRC,0.9186239842029316,0.0,0.800269963737483,0.9800071738606221,5,77.0
cmdc_protocol_q09_q12_binary_tfidf_logistic,CMDC,Text,MDD classification,TF-IDF + Logistic (q09_q12),binary_classification,AUROC,0.9176923076923076,1.1102230246251565e-16,0.816545138888889,0.9894889082209655,5,77.0
cmdc_protocol_q09_q12_binary_tfidf_logistic,CMDC,Text,MDD classification,TF-IDF + Logistic (q09_q12),binary_classification,Balanced Accuracy,0.7,0.0,0.6153409090909091,0.8030934343434343,5,77.0
cmdc_protocol_q09_q12_binary_tfidf_logistic,CMDC,Text,MDD classification,TF-IDF + Logistic (q09_q12),binary_classification,Brier Score,0.21895982948998455,0.0,0.21039053151586734,0.2282159887853643,5,77.0
cmdc_protocol_q09_q12_binary_tfidf_logistic,CMDC,Text,MDD classification,TF-IDF + Logistic (q09_q12),binary_classification,ECE,0.26229819973613305,0.0,0.16452633842245207,0.3389167086783879,5,77.0
cmdc_protocol_q09_q12_binary_tfidf_logistic,CMDC,Text,MDD classification,TF-IDF + Logistic (q09_q12),binary_classification,Macro-F1,0.7226890756302522,0.0,0.6071026053864168,0.8364571135831383,5,77.0
cmdc_protocol_q09_q12_hamd17_tfidf_ridge,CMDC,Text,HAMD-17 regression,TF-IDF + Ridge (q09_q12),severity_regression,CCC,-0.07579163028241642,0.0,-0.14309881184515688,0.007728624350358951,5,25.0
cmdc_protocol_q09_q12_hamd17_tfidf_ridge,CMDC,Text,HAMD-17 regression,TF-IDF + Ridge (q09_q12),severity_regression,MAE,3.710526041804998,4.440892098500626e-16,2.975654906300194,4.574769022448978,5,25.0
cmdc_protocol_q09_q12_hamd17_tfidf_ridge,CMDC,Text,HAMD-17 regression,TF-IDF + Ridge (q09_q12),severity_regression,RMSE,4.367985133372727,0.0,3.5739328498748897,5.148159391834259,5,25.0
cmdc_protocol_q09_q12_hamd17_tfidf_ridge,CMDC,Text,HAMD-17 regression,TF-IDF + Ridge (q09_q12),severity_regression,Spearman,-0.3081104046716131,0.0,-0.6667160416744218,0.142063045686656,5,25.0
cmdc_protocol_q09_q12_phq9_tfidf_ridge,CMDC,Text,PHQ-9 regression,TF-IDF + Ridge (q09_q12),severity_regression,CCC,0.03228620618515232,0.0,0.018047872446763612,0.04679170086632537,5,77.0
cmdc_protocol_q09_q12_phq9_tfidf_ridge,CMDC,Text,PHQ-9 regression,TF-IDF + Ridge (q09_q12),severity_regression,MAE,6.512067095427442,8.881784197001252e-16,5.747523171387338,7.152397524364732,5,77.0
cmdc_protocol_q09_q12_phq9_tfidf_ridge,CMDC,Text,PHQ-9 regression,TF-IDF + Ridge (q09_q12),severity_regression,RMSE,7.513008781530833,0.0,6.585052901360595,8.283483259857052,5,77.0
cmdc_protocol_q09_q12_phq9_tfidf_ridge,CMDC,Text,PHQ-9 regression,TF-IDF + Ridge (q09_q12),severity_regression,Spearman,0.4227969848275743,0.0,0.19600982290896202,0.6093120728645297,5,77.0
cmdc_protocol_q10_only_binary_tfidf_logistic,CMDC,Text,MDD classification,TF-IDF + Logistic (q10_only),binary_classification,AUPRC,0.38853583857938156,0.0,0.26111459832421935,0.5401069160543808,5,77.0
cmdc_protocol_q10_only_binary_tfidf_logistic,CMDC,Text,MDD classification,TF-IDF + Logistic (q10_only),binary_classification,AUROC,0.5953846153846154,0.0,0.47578703703703706,0.7108294025157232,5,77.0
cmdc_protocol_q10_only_binary_tfidf_logistic,CMDC,Text,MDD classification,TF-IDF + Logistic (q10_only),binary_classification,Balanced Accuracy,0.4934615384615385,5.551115123125783e-17,0.410180441898527,0.5859322476144004,5,77.0
cmdc_protocol_q10_only_binary_tfidf_logistic,CMDC,Text,MDD classification,TF-IDF + Logistic (q10_only),binary_classification,Brier Score,0.23546046138629687,2.7755575615628914e-17,0.22367320002472063,0.2461449635976379,5,77.0
cmdc_protocol_q10_only_binary_tfidf_logistic,CMDC,Text,MDD classification,TF-IDF + Logistic (q10_only),binary_classification,ECE,0.13746614019727013,0.0,0.04471413896251281,0.23604199036622692,5,77.0
cmdc_protocol_q10_only_binary_tfidf_logistic,CMDC,Text,MDD classification,TF-IDF + Logistic (q10_only),binary_classification,Macro-F1,0.4759528130671507,5.551115123125783e-17,0.3778053701063003,0.5846623849106043,5,77.0
cmdc_protocol_q10_only_hamd17_tfidf_ridge,CMDC,Text,HAMD-17 regression,TF-IDF + Ridge (q10_only),severity_regression,CCC,-0.07894835395916072,0.0,-0.14928498522518907,0.003751318584665657,5,25.0
cmdc_protocol_q10_only_hamd17_tfidf_ridge,CMDC,Text,HAMD-17 regression,TF-IDF + Ridge (q10_only),severity_regression,MAE,3.723658825600414,0.0,2.9916311737220944,4.594732745140887,5,25.0
cmdc_protocol_q10_only_hamd17_tfidf_ridge,CMDC,Text,HAMD-17 regression,TF-IDF + Ridge (q10_only),severity_regression,RMSE,4.373262450952782,0.0,3.573280539786766,5.144755981510924,5,25.0
cmdc_protocol_q10_only_hamd17_tfidf_ridge,CMDC,Text,HAMD-17 regression,TF-IDF + Ridge (q10_only),severity_regression,Spearman,-0.3571455191995515,0.0,-0.6998648857525854,0.04145905688256205,5,25.0
cmdc_protocol_q10_only_phq9_tfidf_ridge,CMDC,Text,PHQ-9 regression,TF-IDF + Ridge (q10_only),severity_regression,CCC,0.005024274220198583,0.0,-0.007565523678088786,0.017276482919950504,5,77.0
cmdc_protocol_q10_only_phq9_tfidf_ridge,CMDC,Text,PHQ-9 regression,TF-IDF + Ridge (q10_only),severity_regression,MAE,6.600424606218377,8.881784197001252e-16,5.813565295866933,7.3036669792882805,5,77.0
cmdc_protocol_q10_only_phq9_tfidf_ridge,CMDC,Text,PHQ-9 regression,TF-IDF + Ridge (q10_only),severity_regression,RMSE,7.618576334138792,8.881784197001252e-16,6.68707990688242,8.413640544324704,5,77.0
cmdc_protocol_q10_only_phq9_tfidf_ridge,CMDC,Text,PHQ-9 regression,TF-IDF + Ridge (q10_only),severity_regression,Spearman,0.02504284718167806,0.0,-0.16332000203085595,0.23725786129678372,5,77.0
cmdc_protocol_q11_only_binary_tfidf_logistic,CMDC,Text,MDD classification,TF-IDF + Logistic (q11_only),binary_classification,AUPRC,0.5953897079499143,0.0,0.39265252664776473,0.7457814506086521,5,77.0
cmdc_protocol_q11_only_binary_tfidf_logistic,CMDC,Text,MDD classification,TF-IDF + Logistic (q11_only),binary_classification,AUROC,0.7007692307692308,0.0,0.5660164822337396,0.8339103498542275,5,77.0
cmdc_protocol_q11_only_binary_tfidf_logistic,CMDC,Text,MDD classification,TF-IDF + Logistic (q11_only),binary_classification,Balanced Accuracy,0.5823076923076923,0.0,0.4884585020242914,0.6840222984562607,5,77.0
cmdc_protocol_q11_only_binary_tfidf_logistic,CMDC,Text,MDD classification,TF-IDF + Logistic (q11_only),binary_classification,Brier Score,0.22928940140033455,2.7755575615628914e-17,0.21846062484039055,0.24061808293479822,5,77.0
cmdc_protocol_q11_only_binary_tfidf_logistic,CMDC,Text,MDD classification,TF-IDF + Logistic (q11_only),binary_classification,ECE,0.15243354560224642,0.0,0.08825167577444218,0.2542432281058168,5,77.0
cmdc_protocol_q11_only_binary_tfidf_logistic,CMDC,Text,MDD classification,TF-IDF + Logistic (q11_only),binary_classification,Macro-F1,0.5807622504537205,0.0,0.45621468926553665,0.6963547717537992,5,77.0
cmdc_protocol_q11_only_hamd17_tfidf_ridge,CMDC,Text,HAMD-17 regression,TF-IDF + Ridge (q11_only),severity_regression,CCC,-0.09624169065538807,0.0,-0.1747742964954347,-0.016894048466770045,5,25.0
cmdc_protocol_q11_only_hamd17_tfidf_ridge,CMDC,Text,HAMD-17 regression,TF-IDF + Ridge (q11_only),severity_regression,MAE,3.765700450290487,4.440892098500626e-16,3.02221347262413,4.593476916886155,5,25.0
cmdc_protocol_q11_only_hamd17_tfidf_ridge,CMDC,Text,HAMD-17 regression,TF-IDF + Ridge (q11_only),severity_regression,RMSE,4.40875542449903,0.0,3.5874450965009848,5.145863874504983,5,25.0
cmdc_protocol_q11_only_hamd17_tfidf_ridge,CMDC,Text,HAMD-17 regression,TF-IDF + Ridge (q11_only),severity_regression,Spearman,-0.4602350906874221,0.0,-0.7487120846981559,-0.05007963167606542,5,25.0
cmdc_protocol_q11_only_phq9_tfidf_ridge,CMDC,Text,PHQ-9 regression,TF-IDF + Ridge (q11_only),severity_regression,CCC,0.015369448082306763,0.0,-0.004126335927527191,0.03832458596333036,5,77.0
cmdc_protocol_q11_only_phq9_tfidf_ridge,CMDC,Text,PHQ-9 regression,TF-IDF + Ridge (q11_only),severity_regression,MAE,6.569695042059624,8.881784197001252e-16,5.802690258530085,7.216677470199518,5,77.0
cmdc_protocol_q11_only_phq9_tfidf_ridge,CMDC,Text,PHQ-9 regression,TF-IDF + Ridge (q11_only),severity_regression,RMSE,7.579607927722596,0.0,6.639041538377263,8.34846405398982,5,77.0
cmdc_protocol_q11_only_phq9_tfidf_ridge,CMDC,Text,PHQ-9 regression,TF-IDF + Ridge (q11_only),severity_regression,Spearman,0.024863379373518648,0.0,-0.222836398274459,0.2865872229059403,5,77.0
cmdc_protocol_q12_only_binary_tfidf_logistic,CMDC,Text,MDD classification,TF-IDF + Logistic (q12_only),binary_classification,AUPRC,0.4990905759609704,5.551115123125783e-17,0.3249097796969386,0.669950184052774,5,77.0
cmdc_protocol_q12_only_binary_tfidf_logistic,CMDC,Text,MDD classification,TF-IDF + Logistic (q12_only),binary_classification,AUROC,0.7169230769230769,0.0,0.6043457602339182,0.8201957547169811,5,77.0
cmdc_protocol_q12_only_binary_tfidf_logistic,CMDC,Text,MDD classification,TF-IDF + Logistic (q12_only),binary_classification,Balanced Accuracy,0.6126923076923076,0.0,0.5215695229127433,0.7198880407810982,5,77.0
cmdc_protocol_q12_only_binary_tfidf_logistic,CMDC,Text,MDD classification,TF-IDF + Logistic (q12_only),binary_classification,Brier Score,0.23007113176451904,2.7755575615628914e-17,0.2207409879789784,0.24144520218348403,5,77.0
cmdc_protocol_q12_only_binary_tfidf_logistic,CMDC,Text,MDD classification,TF-IDF + Logistic (q12_only),binary_classification,ECE,0.15692128615837472,0.0,0.06690208926637188,0.2604643797444282,5,77.0
cmdc_protocol_q12_only_binary_tfidf_logistic,CMDC,Text,MDD classification,TF-IDF + Logistic (q12_only),binary_classification,Macro-F1,0.6177422836175265,0.0,0.5088656135531135,0.733194733194733,5,77.0
cmdc_protocol_q12_only_hamd17_tfidf_ridge,CMDC,Text,HAMD-17 regression,TF-IDF + Ridge (q12_only),severity_regression,CCC,-0.026318311163129472,0.0,-0.09897589787990314,0.04818708808865416,5,25.0
cmdc_protocol_q12_only_hamd17_tfidf_ridge,CMDC,Text,HAMD-17 regression,TF-IDF + Ridge (q12_only),severity_regression,MAE,3.604494100239088,4.440892098500626e-16,2.8471354389919745,4.469409534426186,5,25.0
cmdc_protocol_q12_only_hamd17_tfidf_ridge,CMDC,Text,HAMD-17 regression,TF-IDF + Ridge (q12_only),severity_regression,RMSE,4.261003630286417,0.0,3.446978369768735,4.990281349916547,5,25.0
cmdc_protocol_q12_only_hamd17_tfidf_ridge,CMDC,Text,HAMD-17 regression,TF-IDF + Ridge (q12_only),severity_regression,Spearman,-0.12046421836784874,0.0,-0.6129099990018566,0.30201773146661093,5,25.0
cmdc_protocol_q12_only_phq9_tfidf_ridge,CMDC,Text,PHQ-9 regression,TF-IDF + Ridge (q12_only),severity_regression,CCC,0.015688810044488705,0.0,-0.0005873448072733993,0.032775640524410836,5,77.0
cmdc_protocol_q12_only_phq9_tfidf_ridge,CMDC,Text,PHQ-9 regression,TF-IDF + Ridge (q12_only),severity_regression,MAE,6.569312239664685,8.881784197001252e-16,5.784127157087701,7.2413950815753925,5,77.0
cmdc_protocol_q12_only_phq9_tfidf_ridge,CMDC,Text,PHQ-9 regression,TF-IDF + Ridge (q12_only),severity_regression,RMSE,7.579055697762286,0.0,6.687019981458593,8.367792320270297,5,77.0
cmdc_protocol_q12_only_phq9_tfidf_ridge,CMDC,Text,PHQ-9 regression,TF-IDF + Ridge (q12_only),severity_regression,Spearman,0.16273534080801402,0.0,-0.07964650797117806,0.4059692955761028,5,77.0
edaic_protocol_back_25_binary_tfidf_logistic,E-DAIC,Text,binary depression classification,TF-IDF + Logistic (back_25),binary_classification,AUPRC,0.3002119467168061,0.0,0.13208761939585617,0.5179539005952459,5,56.0
edaic_protocol_back_25_binary_tfidf_logistic,E-DAIC,Text,binary depression classification,TF-IDF + Logistic (back_25),binary_classification,AUROC,0.5416666666666666,0.0,0.3266447963800905,0.7994921875,5,56.0
edaic_protocol_back_25_binary_tfidf_logistic,E-DAIC,Text,binary depression classification,TF-IDF + Logistic (back_25),binary_classification,Balanced Accuracy,0.48863636363636365,0.0,0.463391768292683,0.5,5,56.0
edaic_protocol_back_25_binary_tfidf_logistic,E-DAIC,Text,binary depression classification,TF-IDF + Logistic (back_25),binary_classification,Brier Score,0.21399365271877985,0.0,0.19786625509963746,0.2284678045364466,5,56.0
edaic_protocol_back_25_binary_tfidf_logistic,E-DAIC,Text,binary depression classification,TF-IDF + Logistic (back_25),binary_classification,ECE,0.21633016490792517,2.7755575615628914e-17,0.14565293068975826,0.3236271286207764,5,56.0
edaic_protocol_back_25_binary_tfidf_logistic,E-DAIC,Text,binary depression classification,TF-IDF + Logistic (back_25),binary_classification,Macro-F1,0.43434343434343436,5.551115123125783e-17,0.39784946236559143,0.4666666666666667,5,56.0
edaic_protocol_back_25_phq8_tfidf_ridge,E-DAIC,Text,PHQ-8 regression,TF-IDF + Ridge (back_25),severity_regression,CCC,0.004958752117624335,0.0,-0.008091389913966001,0.017452212718130074,5,56.0
edaic_protocol_back_25_phq8_tfidf_ridge,E-DAIC,Text,PHQ-8 regression,TF-IDF + Ridge (back_25),severity_regression,MAE,4.773545780757837,0.0,3.9197520619138624,5.5033904447191935,5,56.0
edaic_protocol_back_25_phq8_tfidf_ridge,E-DAIC,Text,PHQ-8 regression,TF-IDF + Ridge (back_25),severity_regression,RMSE,5.6730802937529505,0.0,4.751559986387339,6.463489804683287,5,56.0
edaic_protocol_back_25_phq8_tfidf_ridge,E-DAIC,Text,PHQ-8 regression,TF-IDF + Ridge (back_25),severity_regression,Spearman,0.0927734205548914,0.0,-0.13956156727071295,0.3829678107108247,5,56.0
edaic_protocol_front_25_binary_tfidf_logistic,E-DAIC,Text,binary depression classification,TF-IDF + Logistic (front_25),binary_classification,AUPRC,0.36017981328187415,0.0,0.18438527204778107,0.6296290615859728,5,56.0
edaic_protocol_front_25_binary_tfidf_logistic,E-DAIC,Text,binary depression classification,TF-IDF + Logistic (front_25),binary_classification,AUROC,0.6534090909090909,0.0,0.4696540140879047,0.8746446793002915,5,56.0
edaic_protocol_front_25_binary_tfidf_logistic,E-DAIC,Text,binary depression classification,TF-IDF + Logistic (front_25),binary_classification,Balanced Accuracy,0.5492424242424242,0.0,0.447765261627907,0.6707954545454545,5,56.0
edaic_protocol_front_25_binary_tfidf_logistic,E-DAIC,Text,binary depression classification,TF-IDF + Logistic (front_25),binary_classification,Brier Score,0.21427100805276128,0.0,0.1996718648113319,0.22756179434592055,5,56.0
edaic_protocol_front_25_binary_tfidf_logistic,E-DAIC,Text,binary depression classification,TF-IDF + Logistic (front_25),binary_classification,ECE,0.22449247749243056,0.0,0.15418562892612672,0.3294000000594814,5,56.0
edaic_protocol_front_25_binary_tfidf_logistic,E-DAIC,Text,binary depression classification,TF-IDF + Logistic (front_25),binary_classification,Macro-F1,0.5492260061919505,0.0,0.41052631578947374,0.6959692028985508,5,56.0
edaic_protocol_front_25_phq8_tfidf_ridge,E-DAIC,Text,PHQ-8 regression,TF-IDF + Ridge (front_25),severity_regression,CCC,0.009036765684167107,0.0,-0.010424942513180505,0.02844153542145316,5,56.0
edaic_protocol_front_25_phq8_tfidf_ridge,E-DAIC,Text,PHQ-8 regression,TF-IDF + Ridge (front_25),severity_regression,MAE,4.751477749130095,0.0,3.875834699254573,5.495860415761878,5,56.0
edaic_protocol_front_25_phq8_tfidf_ridge,E-DAIC,Text,PHQ-8 regression,TF-IDF + Ridge (front_25),severity_regression,RMSE,5.665231211666899,0.0,4.750435551275267,6.454957278340674,5,56.0
edaic_protocol_front_25_phq8_tfidf_ridge,E-DAIC,Text,PHQ-8 regression,TF-IDF + Ridge (front_25),severity_regression,Spearman,0.0718445054149196,0.0,-0.20274442668086007,0.3100838417312843,5,56.0
edaic_protocol_full_dialogue_binary_tfidf_logistic,E-DAIC,Text,binary depression classification,TF-IDF + Logistic (full_dialogue),binary_classification,AUPRC,0.41778569179522956,0.0,0.15081023750411737,0.6552233356523752,5,56.0
edaic_protocol_full_dialogue_binary_tfidf_logistic,E-DAIC,Text,binary depression classification,TF-IDF + Logistic (full_dialogue),binary_classification,AUROC,0.6098484848484849,0.0,0.42535736685758396,0.7976325757575758,5,56.0
edaic_protocol_full_dialogue_binary_tfidf_logistic,E-DAIC,Text,binary depression classification,TF-IDF + Logistic (full_dialogue),binary_classification,Balanced Accuracy,0.5,0.0,0.5,0.5,5,56.0
edaic_protocol_full_dialogue_binary_tfidf_logistic,E-DAIC,Text,binary depression classification,TF-IDF + Logistic (full_dialogue),binary_classification,Brier Score,0.21239668445263357,0.0,0.19759930058312028,0.22492308266150168,5,56.0
edaic_protocol_full_dialogue_binary_tfidf_logistic,E-DAIC,Text,binary depression classification,TF-IDF + Logistic (full_dialogue),binary_classification,ECE,0.21680166803303974,2.7755575615628914e-17,0.129156211087807,0.3218769188103433,5,56.0
edaic_protocol_full_dialogue_binary_tfidf_logistic,E-DAIC,Text,binary depression classification,TF-IDF + Logistic (full_dialogue),binary_classification,Macro-F1,0.44000000000000006,5.551115123125783e-17,0.41052631578947374,0.4716981132075472,5,56.0
edaic_protocol_full_dialogue_phq8_tfidf_ridge,E-DAIC,Text,PHQ-8 regression,TF-IDF + Ridge (full_dialogue),severity_regression,CCC,0.01408279511510421,1.734723475976807e-18,0.002299579215615875,0.023224175980467023,5,56.0
edaic_protocol_full_dialogue_phq8_tfidf_ridge,E-DAIC,Text,PHQ-8 regression,TF-IDF + Ridge (full_dialogue),severity_regression,MAE,4.74519879017583,0.0,3.8937840683584177,5.485377805532308,5,56.0
edaic_protocol_full_dialogue_phq8_tfidf_ridge,E-DAIC,Text,PHQ-8 regression,TF-IDF + Ridge (full_dialogue),severity_regression,RMSE,5.646598156159236,0.0,4.731077273892083,6.406692596028284,5,56.0
edaic_protocol_full_dialogue_phq8_tfidf_ridge,E-DAIC,Text,PHQ-8 regression,TF-IDF + Ridge (full_dialogue),severity_regression,Spearman,0.34584174526379635,0.0,0.03731425360602629,0.6379117535672173,5,56.0
edaic_protocol_middle_50_binary_tfidf_logistic,E-DAIC,Text,binary depression classification,TF-IDF + Logistic (middle_50),binary_classification,AUPRC,0.3592951249530197,0.0,0.17563779992834624,0.6320425065995283,5,56.0
edaic_protocol_middle_50_binary_tfidf_logistic,E-DAIC,Text,binary depression classification,TF-IDF + Logistic (middle_50),binary_classification,AUROC,0.6439393939393939,0.0,0.4702443677325581,0.8277328220249138,5,56.0
edaic_protocol_middle_50_binary_tfidf_logistic,E-DAIC,Text,binary depression classification,TF-IDF + Logistic (middle_50),binary_classification,Balanced Accuracy,0.48863636363636365,0.0,0.46509551495016604,0.5,5,56.0
edaic_protocol_middle_50_binary_tfidf_logistic,E-DAIC,Text,binary depression classification,TF-IDF + Logistic (middle_50),binary_classification,Brier Score,0.21053683824209588,0.0,0.19438639803297666,0.22437960890855374,5,56.0
edaic_protocol_middle_50_binary_tfidf_logistic,E-DAIC,Text,binary depression classification,TF-IDF + Logistic (middle_50),binary_classification,ECE,0.21384361901954768,0.0,0.12992831134814214,0.31926540851112667,5,56.0
edaic_protocol_middle_50_binary_tfidf_logistic,E-DAIC,Text,binary depression classification,TF-IDF + Logistic (middle_50),binary_classification,Macro-F1,0.43434343434343436,5.551115123125783e-17,0.4042553191489362,0.4666666666666667,5,56.0
edaic_protocol_middle_50_phq8_tfidf_ridge,E-DAIC,Text,PHQ-8 regression,TF-IDF + Ridge (middle_50),severity_regression,CCC,0.02747494153016796,3.469446951953614e-18,0.011805917955901912,0.03935512332040367,5,56.0
edaic_protocol_middle_50_phq8_tfidf_ridge,E-DAIC,Text,PHQ-8 regression,TF-IDF + Ridge (middle_50),severity_regression,MAE,4.713526786770834,0.0,3.85378192407644,5.438661593900754,5,56.0
edaic_protocol_middle_50_phq8_tfidf_ridge,E-DAIC,Text,PHQ-8 regression,TF-IDF + Ridge (middle_50),severity_regression,RMSE,5.609464925437779,0.0,4.694260179573799,6.356733377810443,5,56.0
edaic_protocol_middle_50_phq8_tfidf_ridge,E-DAIC,Text,PHQ-8 regression,TF-IDF + Ridge (middle_50),severity_regression,Spearman,0.4329540658218101,0.0,0.1776940729727178,0.6834959432217785,5,56.0
edaic_protocol_train_repeated_turns_only_binary_tfidf_logistic,E-DAIC,Text,binary depression classification,TF-IDF + Logistic (train_repeated_turns_only),binary_classification,AUPRC,0.314539350113423,0.0,0.1482292118145561,0.5393024452819623,5,56.0
edaic_protocol_train_repeated_turns_only_binary_tfidf_logistic,E-DAIC,Text,binary depression classification,TF-IDF + Logistic (train_repeated_turns_only),binary_classification,AUROC,0.615530303030303,0.0,0.41090813224986045,0.77002065111759,5,56.0
edaic_protocol_train_repeated_turns_only_binary_tfidf_logistic,E-DAIC,Text,binary depression classification,TF-IDF + Logistic (train_repeated_turns_only),binary_classification,Balanced Accuracy,0.6553030303030303,0.0,0.4895596590909091,0.7917729591836735,5,56.0
edaic_protocol_train_repeated_turns_only_binary_tfidf_logistic,E-DAIC,Text,binary depression classification,TF-IDF + Logistic (train_repeated_turns_only),binary_classification,Brier Score,0.21598772589145035,0.0,0.19355021725668542,0.2400413731282888,5,56.0
edaic_protocol_train_repeated_turns_only_binary_tfidf_logistic,E-DAIC,Text,binary depression classification,TF-IDF + Logistic (train_repeated_turns_only),binary_classification,ECE,0.22841787522198526,0.0,0.1638187135224829,0.33156767693447564,5,56.0
edaic_protocol_train_repeated_turns_only_binary_tfidf_logistic,E-DAIC,Text,binary depression classification,TF-IDF + Logistic (train_repeated_turns_only),binary_classification,Macro-F1,0.620868180007965,0.0,0.4760085804606352,0.7210227868157876,5,56.0
edaic_protocol_train_repeated_turns_only_phq8_tfidf_ridge,E-DAIC,Text,PHQ-8 regression,TF-IDF + Ridge (train_repeated_turns_only),severity_regression,CCC,0.049599825052380225,0.0,-0.017783147590536418,0.11008191792771396,5,56.0
edaic_protocol_train_repeated_turns_only_phq8_tfidf_ridge,E-DAIC,Text,PHQ-8 regression,TF-IDF + Ridge (train_repeated_turns_only),severity_regression,MAE,4.657964006999075,0.0,3.770423997985003,5.412085030400037,5,56.0
edaic_protocol_train_repeated_turns_only_phq8_tfidf_ridge,E-DAIC,Text,PHQ-8 regression,TF-IDF + Ridge (train_repeated_turns_only),severity_regression,RMSE,5.578365392573798,0.0,4.6086445865396035,6.408078699936581,5,56.0
edaic_protocol_train_repeated_turns_only_phq8_tfidf_ridge,E-DAIC,Text,PHQ-8 regression,TF-IDF + Ridge (train_repeated_turns_only),severity_regression,Spearman,0.22932601441896971,0.0,-0.07949859061841515,0.47875079762744377,5,56.0
edaic_protocol_train_repeated_turns_removed_binary_tfidf_logistic,E-DAIC,Text,binary depression classification,TF-IDF + Logistic (train_repeated_turns_removed),binary_classification,AUPRC,0.3791621504928999,0.0,0.13918156540161858,0.6154212470719975,5,56.0
edaic_protocol_train_repeated_turns_removed_binary_tfidf_logistic,E-DAIC,Text,binary depression classification,TF-IDF + Logistic (train_repeated_turns_removed),binary_classification,AUROC,0.5833333333333334,0.0,0.3934727032822036,0.7850156688108197,5,56.0
edaic_protocol_train_repeated_turns_removed_binary_tfidf_logistic,E-DAIC,Text,binary depression classification,TF-IDF + Logistic (train_repeated_turns_removed),binary_classification,Balanced Accuracy,0.5,0.0,0.5,0.5,5,56.0
edaic_protocol_train_repeated_turns_removed_binary_tfidf_logistic,E-DAIC,Text,binary depression classification,TF-IDF + Logistic (train_repeated_turns_removed),binary_classification,Brier Score,0.21248829546312634,0.0,0.19769022414113036,0.2252396756617952,5,56.0
edaic_protocol_train_repeated_turns_removed_binary_tfidf_logistic,E-DAIC,Text,binary depression classification,TF-IDF + Logistic (train_repeated_turns_removed),binary_classification,ECE,0.21613907877786181,0.0,0.12832903739531734,0.32182814265659937,5,56.0
edaic_protocol_train_repeated_turns_removed_binary_tfidf_logistic,E-DAIC,Text,binary depression classification,TF-IDF + Logistic (train_repeated_turns_removed),binary_classification,Macro-F1,0.44000000000000006,5.551115123125783e-17,0.41052631578947374,0.4716981132075472,5,56.0
edaic_protocol_train_repeated_turns_removed_phq8_tfidf_ridge,E-DAIC,Text,PHQ-8 regression,TF-IDF + Ridge (train_repeated_turns_removed),severity_regression,CCC,0.013681490822216697,0.0,0.0033048672580259,0.02258785795666494,5,56.0
edaic_protocol_train_repeated_turns_removed_phq8_tfidf_ridge,E-DAIC,Text,PHQ-8 regression,TF-IDF + Ridge (train_repeated_turns_removed),severity_regression,MAE,4.746261601238731,0.0,3.8939848661681715,5.489709728536394,5,56.0
edaic_protocol_train_repeated_turns_removed_phq8_tfidf_ridge,E-DAIC,Text,PHQ-8 regression,TF-IDF + Ridge (train_repeated_turns_removed),severity_regression,RMSE,5.647610592616462,0.0,4.729897602661765,6.406434204205605,5,56.0
edaic_protocol_train_repeated_turns_removed_phq8_tfidf_ridge,E-DAIC,Text,PHQ-8 regression,TF-IDF + Ridge (train_repeated_turns_removed),severity_regression,Spearman,0.32920154224267123,0.0,0.0223382014011201,0.6113707139297645,5,56.0
