run_id,dataset,modality,task,model,task_type,metric,mean,std,ci95_low,ci95_high,seed_count,sample_count_mean,ci_scope
mpdd_audio_phq9_wavlm_linear,MPDD-AVG-2026,Audio,PHQ-9 regression,WavLM frozen embedding + linear,severity_regression,CCC,0.05970057953501595,0.021850708011540335,,,5,175.0,not_computed_default_lightweight
mpdd_audio_phq9_wavlm_linear,MPDD-AVG-2026,Audio,PHQ-9 regression,WavLM frozen embedding + linear,severity_regression,MAE,3.1409320876748636,0.03698993644480341,,,5,175.0,not_computed_default_lightweight
mpdd_audio_phq9_wavlm_linear,MPDD-AVG-2026,Audio,PHQ-9 regression,WavLM frozen embedding + linear,severity_regression,RMSE,4.221962857250972,0.05148925433054734,,,5,175.0,not_computed_default_lightweight
mpdd_audio_phq9_wavlm_linear,MPDD-AVG-2026,Audio,PHQ-9 regression,WavLM frozen embedding + linear,severity_regression,Spearman,0.14299656706540778,0.021276339777581525,,,5,175.0,not_computed_default_lightweight
mpdd_audio_severity_wavlm_mlp,MPDD-AVG-2026,Audio,ordinal severity prediction,WavLM frozen embedding + MLP,ordinal_prediction,Brier Score,0.9216803582795997,0.027376721768795572,,,5,175.0,not_computed_default_lightweight
mpdd_audio_severity_wavlm_mlp,MPDD-AVG-2026,Audio,ordinal severity prediction,WavLM frozen embedding + MLP,ordinal_prediction,ECE,0.4463461944880029,0.020078043541651727,,,5,175.0,not_computed_default_lightweight
mpdd_audio_severity_wavlm_mlp,MPDD-AVG-2026,Audio,ordinal severity prediction,WavLM frozen embedding + MLP,ordinal_prediction,Macro-F1,0.3703256142193634,0.007721435976781121,,,5,175.0,not_computed_default_lightweight
mpdd_audio_severity_wavlm_mlp,MPDD-AVG-2026,Audio,ordinal severity prediction,WavLM frozen embedding + MLP,ordinal_prediction,Ordinal MAE,0.606857142857143,0.019595917942265412,,,5,175.0,not_computed_default_lightweight
mpdd_audio_severity_wavlm_mlp,MPDD-AVG-2026,Audio,ordinal severity prediction,WavLM frozen embedding + MLP,ordinal_prediction,QWK,0.08823337112129866,0.06430694734365786,,,5,175.0,not_computed_default_lightweight
mpdd_av_severity_early_fusion,MPDD-AVG-2026,Audio+Video,ordinal severity prediction,WavLM audio + ResNet video early fusion Logistic,ordinal_prediction,Brier Score,0.7883806410465963,0.03261962224586317,0.7460870586923178,0.8723801243205539,5,175.0,run_level_subject_bootstrap
mpdd_av_severity_early_fusion,MPDD-AVG-2026,Audio+Video,ordinal severity prediction,WavLM audio + ResNet video early fusion Logistic,ordinal_prediction,ECE,0.3420769318021625,0.024295423829906942,0.29473509425910177,0.394808847394304,5,175.0,run_level_subject_bootstrap
mpdd_av_severity_early_fusion,MPDD-AVG-2026,Audio+Video,ordinal severity prediction,WavLM audio + ResNet video early fusion Logistic,ordinal_prediction,Macro-F1,0.3919493272542468,0.029337234775000266,0.3156718345431077,0.44666663945632457,5,175.0,run_level_subject_bootstrap
mpdd_av_severity_early_fusion,MPDD-AVG-2026,Audio+Video,ordinal severity prediction,WavLM audio + ResNet video early fusion Logistic,ordinal_prediction,Ordinal MAE,0.5737142857142857,0.022160822205331786,0.5062285714285715,0.6415142857142857,5,175.0,run_level_subject_bootstrap
mpdd_av_severity_early_fusion,MPDD-AVG-2026,Audio+Video,ordinal severity prediction,WavLM audio + ResNet video early fusion Logistic,ordinal_prediction,QWK,0.09962496718613785,0.06015167068517974,-0.01257738338015919,0.24084260933847168,5,175.0,run_level_subject_bootstrap
mpdd_avp_severity_early_fusion,MPDD-AVG-2026,AVP,ordinal severity prediction,Early Fusion,ordinal_prediction,Brier Score,0.7880611643571109,0.03270622071492085,,,5,175.0,not_computed_default_lightweight
mpdd_avp_severity_early_fusion,MPDD-AVG-2026,AVP,ordinal severity prediction,Early Fusion,ordinal_prediction,ECE,0.3394949027801442,0.0230928579130785,,,5,175.0,not_computed_default_lightweight
mpdd_avp_severity_early_fusion,MPDD-AVG-2026,AVP,ordinal severity prediction,Early Fusion,ordinal_prediction,Macro-F1,0.39330614442359685,0.030138193728808247,,,5,175.0,not_computed_default_lightweight
mpdd_avp_severity_early_fusion,MPDD-AVG-2026,AVP,ordinal severity prediction,Early Fusion,ordinal_prediction,Ordinal MAE,0.5725714285714286,0.023253702799286624,,,5,175.0,not_computed_default_lightweight
mpdd_avp_severity_early_fusion,MPDD-AVG-2026,AVP,ordinal severity prediction,Early Fusion,ordinal_prediction,QWK,0.10085189774404384,0.06196036782163135,,,5,175.0,not_computed_default_lightweight
mpdd_avp_severity_early_fusion_phase3,MPDD-AVG-2026,Audio+Video+Personality,ordinal severity prediction,WavLM audio + ResNet video + personality TF-IDF early fusion Logistic,ordinal_prediction,Brier Score,0.7880611643571109,0.03270622071492085,0.7027933160689824,0.9007204713979393,5,175.0,run_level_subject_bootstrap
mpdd_avp_severity_early_fusion_phase3,MPDD-AVG-2026,Audio+Video+Personality,ordinal severity prediction,WavLM audio + ResNet video + personality TF-IDF early fusion Logistic,ordinal_prediction,ECE,0.3394949027801442,0.02309285791307851,0.26777089916831137,0.37043142894597403,5,175.0,run_level_subject_bootstrap
mpdd_avp_severity_early_fusion_phase3,MPDD-AVG-2026,Audio+Video+Personality,ordinal severity prediction,WavLM audio + ResNet video + personality TF-IDF early fusion Logistic,ordinal_prediction,Macro-F1,0.39330614442359685,0.030138193728808247,0.32178803267366035,0.4450108247341379,5,175.0,run_level_subject_bootstrap
mpdd_avp_severity_early_fusion_phase3,MPDD-AVG-2026,Audio+Video+Personality,ordinal severity prediction,WavLM audio + ResNet video + personality TF-IDF early fusion Logistic,ordinal_prediction,Ordinal MAE,0.5725714285714286,0.023253702799286624,0.4957714285714286,0.6593142857142856,5,175.0,run_level_subject_bootstrap
mpdd_avp_severity_early_fusion_phase3,MPDD-AVG-2026,Audio+Video+Personality,ordinal severity prediction,WavLM audio + ResNet video + personality TF-IDF early fusion Logistic,ordinal_prediction,QWK,0.10085189774404384,0.06196036782163135,0.006009662440244978,0.21708687003319474,5,175.0,run_level_subject_bootstrap
mpdd_avp_severity_gated_fusion,MPDD-AVG-2026,AVP,ordinal severity prediction,Gated Fusion,ordinal_prediction,Brier Score,0.6708327814214667,0.014330656562755431,,,5,175.0,not_computed_default_lightweight
mpdd_avp_severity_gated_fusion,MPDD-AVG-2026,AVP,ordinal severity prediction,Gated Fusion,ordinal_prediction,ECE,0.23171514518290742,0.007896368532259997,,,5,175.0,not_computed_default_lightweight
mpdd_avp_severity_gated_fusion,MPDD-AVG-2026,AVP,ordinal severity prediction,Gated Fusion,ordinal_prediction,Macro-F1,0.37208636350465124,0.017465676130571782,,,5,175.0,not_computed_default_lightweight
mpdd_avp_severity_gated_fusion,MPDD-AVG-2026,AVP,ordinal severity prediction,Gated Fusion,ordinal_prediction,Ordinal MAE,0.5714285714285714,0.009561828874675117,,,5,175.0,not_computed_default_lightweight
mpdd_avp_severity_gated_fusion,MPDD-AVG-2026,AVP,ordinal severity prediction,Gated Fusion,ordinal_prediction,QWK,0.07260995036970028,0.032519447958286325,,,5,175.0,not_computed_default_lightweight
mpdd_avp_severity_late_fusion,MPDD-AVG-2026,AVP,ordinal severity prediction,Late Fusion,ordinal_prediction,Brier Score,0.5875615331619282,0.010484174476461241,,,5,175.0,not_computed_default_lightweight
mpdd_avp_severity_late_fusion,MPDD-AVG-2026,AVP,ordinal severity prediction,Late Fusion,ordinal_prediction,ECE,0.10645126623250474,0.018088028553814212,,,5,175.0,not_computed_default_lightweight
mpdd_avp_severity_late_fusion,MPDD-AVG-2026,AVP,ordinal severity prediction,Late Fusion,ordinal_prediction,Macro-F1,0.39155045414080714,0.014295142087865687,,,5,175.0,not_computed_default_lightweight
mpdd_avp_severity_late_fusion,MPDD-AVG-2026,AVP,ordinal severity prediction,Late Fusion,ordinal_prediction,Ordinal MAE,0.5302857142857142,0.01891765183685353,,,5,175.0,not_computed_default_lightweight
mpdd_avp_severity_late_fusion,MPDD-AVG-2026,AVP,ordinal severity prediction,Late Fusion,ordinal_prediction,QWK,0.12399659775911191,0.04134729697237651,,,5,175.0,not_computed_default_lightweight
mpdd_avp_shuffled_personality_early_fusion,MPDD-AVG-2026,Audio+Video+Personality,ordinal severity prediction,WavLM audio + ResNet video + shuffled personality TF-IDF early fusion Logistic,ordinal_prediction,Brier Score,0.7884248048114814,0.03239057956137391,0.6797088011124715,0.8689226838436078,5,175.0,run_level_subject_bootstrap
mpdd_avp_shuffled_personality_early_fusion,MPDD-AVG-2026,Audio+Video+Personality,ordinal severity prediction,WavLM audio + ResNet video + shuffled personality TF-IDF early fusion Logistic,ordinal_prediction,ECE,0.3406498746871063,0.023253271251585248,0.28480332110453443,0.3865797346231453,5,175.0,run_level_subject_bootstrap
mpdd_avp_shuffled_personality_early_fusion,MPDD-AVG-2026,Audio+Video+Personality,ordinal severity prediction,WavLM audio + ResNet video + shuffled personality TF-IDF early fusion Logistic,ordinal_prediction,Macro-F1,0.3932948296361437,0.030130591874457806,0.3581701008724611,0.4343940183910184,5,175.0,run_level_subject_bootstrap
mpdd_avp_shuffled_personality_early_fusion,MPDD-AVG-2026,Audio+Video+Personality,ordinal severity prediction,WavLM audio + ResNet video + shuffled personality TF-IDF early fusion Logistic,ordinal_prediction,Ordinal MAE,0.5714285714285714,0.024511554959459687,0.5037714285714285,0.6389428571428571,5,175.0,run_level_subject_bootstrap
mpdd_avp_shuffled_personality_early_fusion,MPDD-AVG-2026,Audio+Video+Personality,ordinal severity prediction,WavLM audio + ResNet video + shuffled personality TF-IDF early fusion Logistic,ordinal_prediction,QWK,0.10464139316013983,0.06780328358589101,-0.004258568241081862,0.2190610107494847,5,175.0,run_level_subject_bootstrap
mpdd_demographics_age_severity_logistic,MPDD-AVG-2026,Demographics,ordinal severity prediction,age group one-hot + Logistic,ordinal_prediction,Brier Score,0.6576130833241699,0.0014120522470916557,0.6383430573876278,0.6739985357892452,5,175.0,run_level_subject_bootstrap
mpdd_demographics_age_severity_logistic,MPDD-AVG-2026,Demographics,ordinal severity prediction,age group one-hot + Logistic,ordinal_prediction,ECE,0.08189246435349798,0.0269382939074902,0.01525397336921335,0.12661369233635297,5,175.0,run_level_subject_bootstrap
mpdd_demographics_age_severity_logistic,MPDD-AVG-2026,Demographics,ordinal severity prediction,age group one-hot + Logistic,ordinal_prediction,Macro-F1,0.35465514037788104,0.016969667739275354,0.32428510614815015,0.4200764011302415,5,175.0,run_level_subject_bootstrap
mpdd_demographics_age_severity_logistic,MPDD-AVG-2026,Demographics,ordinal severity prediction,age group one-hot + Logistic,ordinal_prediction,Ordinal MAE,0.6674285714285715,0.08721729841526359,0.5896857142857143,0.7509142857142856,5,175.0,run_level_subject_bootstrap
mpdd_demographics_age_severity_logistic,MPDD-AVG-2026,Demographics,ordinal severity prediction,age group one-hot + Logistic,ordinal_prediction,QWK,0.0037049225537477025,0.061311682830684465,-0.09707697512828943,0.06856912137022542,5,175.0,run_level_subject_bootstrap
mpdd_demographics_shuffled_age_severity_logistic,MPDD-AVG-2026,Demographics,ordinal severity prediction,shuffled age group one-hot + Logistic,ordinal_prediction,Brier Score,0.6718625854041873,0.006353673649293311,0.6669558939001378,0.6786349532510967,5,175.0,run_level_subject_bootstrap
mpdd_demographics_shuffled_age_severity_logistic,MPDD-AVG-2026,Demographics,ordinal severity prediction,shuffled age group one-hot + Logistic,ordinal_prediction,ECE,0.0725910911085625,0.04476623811729257,0.03168980025065688,0.09138003054993296,5,175.0,run_level_subject_bootstrap
mpdd_demographics_shuffled_age_severity_logistic,MPDD-AVG-2026,Demographics,ordinal severity prediction,shuffled age group one-hot + Logistic,ordinal_prediction,Macro-F1,0.2989037155547799,0.023223505533803968,0.27054886285753343,0.33973061562867296,5,175.0,run_level_subject_bootstrap
mpdd_demographics_shuffled_age_severity_logistic,MPDD-AVG-2026,Demographics,ordinal severity prediction,shuffled age group one-hot + Logistic,ordinal_prediction,Ordinal MAE,0.9359999999999999,0.04432164441066359,0.9079142857142857,1.002342857142857,5,175.0,run_level_subject_bootstrap
mpdd_demographics_shuffled_age_severity_logistic,MPDD-AVG-2026,Demographics,ordinal severity prediction,shuffled age group one-hot + Logistic,ordinal_prediction,QWK,0.017085259674920982,0.04383280110686956,-0.016170758246173377,0.06952229022938751,5,175.0,run_level_subject_bootstrap
mpdd_gait_binary_stats_logistic,MPDD-AVG-2026,Gait,binary depression classification,statistical gait features + Logistic,binary_classification,AUPRC,0.3924403662443375,0.022503733164662244,,,5,175.0,not_computed_default_lightweight
mpdd_gait_binary_stats_logistic,MPDD-AVG-2026,Gait,binary depression classification,statistical gait features + Logistic,binary_classification,AUROC,0.49813109425785485,0.0303003390537287,,,5,175.0,not_computed_default_lightweight
mpdd_gait_binary_stats_logistic,MPDD-AVG-2026,Gait,binary depression classification,statistical gait features + Logistic,binary_classification,Balanced Accuracy,0.5038596966413867,0.030190532752761484,,,5,175.0,not_computed_default_lightweight
mpdd_gait_binary_stats_logistic,MPDD-AVG-2026,Gait,binary depression classification,statistical gait features + Logistic,binary_classification,Brier Score,0.36422758138286226,0.017695245306247182,,,5,175.0,not_computed_default_lightweight
mpdd_gait_binary_stats_logistic,MPDD-AVG-2026,Gait,binary depression classification,statistical gait features + Logistic,binary_classification,ECE,0.31912752512765313,0.024071104442299138,,,5,175.0,not_computed_default_lightweight
mpdd_gait_binary_stats_logistic,MPDD-AVG-2026,Gait,binary depression classification,statistical gait features + Logistic,binary_classification,Macro-F1,0.5006982545240326,0.029966329205936636,,,5,175.0,not_computed_default_lightweight
mpdd_gait_binary_stats_xgboost,MPDD-AVG-2026,Gait,binary depression classification,statistical gait features + XGBoost,binary_classification,AUPRC,0.49338017013183216,0.024656425274990828,,,5,175.0,not_computed_default_lightweight
mpdd_gait_binary_stats_xgboost,MPDD-AVG-2026,Gait,binary depression classification,statistical gait features + XGBoost,binary_classification,AUROC,0.583694474539545,0.01706757600733289,,,5,175.0,not_computed_default_lightweight
mpdd_gait_binary_stats_xgboost,MPDD-AVG-2026,Gait,binary depression classification,statistical gait features + XGBoost,binary_classification,Balanced Accuracy,0.5395855904658722,0.00806184298012021,,,5,175.0,not_computed_default_lightweight
mpdd_gait_binary_stats_xgboost,MPDD-AVG-2026,Gait,binary depression classification,statistical gait features + XGBoost,binary_classification,Brier Score,0.2495007368463351,0.006063246535591783,,,5,175.0,not_computed_default_lightweight
mpdd_gait_binary_stats_xgboost,MPDD-AVG-2026,Gait,binary depression classification,statistical gait features + XGBoost,binary_classification,ECE,0.11981753317373141,0.006656754026200594,,,5,175.0,not_computed_default_lightweight
mpdd_gait_binary_stats_xgboost,MPDD-AVG-2026,Gait,binary depression classification,statistical gait features + XGBoost,binary_classification,Macro-F1,0.5351912881822657,0.00680117364962563,,,5,175.0,not_computed_default_lightweight
mpdd_gait_severity_imu_temporal_mlp,MPDD-AVG-2026,Gait,ordinal severity prediction,IMU temporal encoder + MLP,ordinal_prediction,Brier Score,0.7603563617355749,0.0157931566357514,,,5,175.0,not_computed_default_lightweight
mpdd_gait_severity_imu_temporal_mlp,MPDD-AVG-2026,Gait,ordinal severity prediction,IMU temporal encoder + MLP,ordinal_prediction,ECE,0.26995543037912906,0.022811571583172797,,,5,175.0,not_computed_default_lightweight
mpdd_gait_severity_imu_temporal_mlp,MPDD-AVG-2026,Gait,ordinal severity prediction,IMU temporal encoder + MLP,ordinal_prediction,Macro-F1,0.358555599137628,0.024225577000773497,,,5,175.0,not_computed_default_lightweight
mpdd_gait_severity_imu_temporal_mlp,MPDD-AVG-2026,Gait,ordinal severity prediction,IMU temporal encoder + MLP,ordinal_prediction,Ordinal MAE,0.7428571428571429,0.029802068138069245,,,5,175.0,not_computed_default_lightweight
mpdd_gait_severity_imu_temporal_mlp,MPDD-AVG-2026,Gait,ordinal severity prediction,IMU temporal encoder + MLP,ordinal_prediction,QWK,0.018088322992773076,0.08107769731944565,,,5,175.0,not_computed_default_lightweight
mpdd_personality_counterfactual_age_swap,MPDD-AVG-2026,Personality,ordinal severity prediction,personality TF-IDF + Logistic with age-group counterfactual swap,ordinal_prediction,Brier Score,0.6920604111549473,0.00512042048300939,0.6635600367093802,0.7199237658107739,5,175.0,run_level_subject_bootstrap
mpdd_personality_counterfactual_age_swap,MPDD-AVG-2026,Personality,ordinal severity prediction,personality TF-IDF + Logistic with age-group counterfactual swap,ordinal_prediction,ECE,0.13269347744933802,0.009785147180780978,0.09802460697107447,0.1501848658108805,5,175.0,run_level_subject_bootstrap
mpdd_personality_counterfactual_age_swap,MPDD-AVG-2026,Personality,ordinal severity prediction,personality TF-IDF + Logistic with age-group counterfactual swap,ordinal_prediction,Macro-F1,0.29858413668725914,0.015253087408328352,0.2660921191736575,0.3156337032927565,5,175.0,run_level_subject_bootstrap
mpdd_personality_counterfactual_age_swap,MPDD-AVG-2026,Personality,ordinal severity prediction,personality TF-IDF + Logistic with age-group counterfactual swap,ordinal_prediction,Ordinal MAE,0.7405714285714285,0.03100493706571552,0.6919142857142857,0.7847714285714286,5,175.0,run_level_subject_bootstrap
mpdd_personality_counterfactual_age_swap,MPDD-AVG-2026,Personality,ordinal severity prediction,personality TF-IDF + Logistic with age-group counterfactual swap,ordinal_prediction,QWK,-0.04838040319950974,0.08324435153117371,-0.10539049964518088,0.008952910193728856,5,175.0,run_level_subject_bootstrap
mpdd_personality_severity_tfidf_logistic_internal,MPDD-AVG-2026,Personality,ordinal severity prediction,personality TF-IDF + Logistic internal component,ordinal_prediction,Brier Score,0.5847124662864388,0.004289452815610691,,,5,175.0,not_computed_default_lightweight
mpdd_personality_severity_tfidf_logistic_internal,MPDD-AVG-2026,Personality,ordinal severity prediction,personality TF-IDF + Logistic internal component,ordinal_prediction,ECE,0.12174874947882788,0.0102735594615395,,,5,175.0,not_computed_default_lightweight
mpdd_personality_severity_tfidf_logistic_internal,MPDD-AVG-2026,Personality,ordinal severity prediction,personality TF-IDF + Logistic internal component,ordinal_prediction,Macro-F1,0.42171510293716485,0.02175749076846047,,,5,175.0,not_computed_default_lightweight
mpdd_personality_severity_tfidf_logistic_internal,MPDD-AVG-2026,Personality,ordinal severity prediction,personality TF-IDF + Logistic internal component,ordinal_prediction,Ordinal MAE,0.5097142857142857,0.015918158031067574,,,5,175.0,not_computed_default_lightweight
mpdd_personality_severity_tfidf_logistic_internal,MPDD-AVG-2026,Personality,ordinal severity prediction,personality TF-IDF + Logistic internal component,ordinal_prediction,QWK,0.2302272694214273,0.053177843286159224,,,5,175.0,not_computed_default_lightweight
mpdd_personality_severity_tfidf_logistic_phase3,MPDD-AVG-2026,Personality,ordinal severity prediction,personality TF-IDF + Logistic,ordinal_prediction,Brier Score,0.5847124662864388,0.004289452815610691,0.5556304471713329,0.605475203367182,5,175.0,run_level_subject_bootstrap
mpdd_personality_severity_tfidf_logistic_phase3,MPDD-AVG-2026,Personality,ordinal severity prediction,personality TF-IDF + Logistic,ordinal_prediction,ECE,0.12174874947882788,0.0102735594615395,0.0850325414850297,0.17345039352714564,5,175.0,run_level_subject_bootstrap
mpdd_personality_severity_tfidf_logistic_phase3,MPDD-AVG-2026,Personality,ordinal severity prediction,personality TF-IDF + Logistic,ordinal_prediction,Macro-F1,0.42171510293716485,0.02175749076846047,0.37972859573029116,0.48504756148556427,5,175.0,run_level_subject_bootstrap
mpdd_personality_severity_tfidf_logistic_phase3,MPDD-AVG-2026,Personality,ordinal severity prediction,personality TF-IDF + Logistic,ordinal_prediction,Ordinal MAE,0.5097142857142857,0.015918158031067574,0.4638285714285714,0.5773142857142857,5,175.0,run_level_subject_bootstrap
mpdd_personality_severity_tfidf_logistic_phase3,MPDD-AVG-2026,Personality,ordinal severity prediction,personality TF-IDF + Logistic,ordinal_prediction,QWK,0.2302272694214273,0.053177843286159224,0.10476929471074241,0.28409989645487593,5,175.0,run_level_subject_bootstrap
mpdd_personality_shuffled_severity_tfidf_logistic,MPDD-AVG-2026,Personality,ordinal severity prediction,shuffled personality TF-IDF + Logistic,ordinal_prediction,Brier Score,0.650731917944165,0.006212425963746651,0.6391818744109365,0.6626549774404119,5,175.0,run_level_subject_bootstrap
mpdd_personality_shuffled_severity_tfidf_logistic,MPDD-AVG-2026,Personality,ordinal severity prediction,shuffled personality TF-IDF + Logistic,ordinal_prediction,ECE,0.04656106272127743,0.008214080659790192,0.023217683137140455,0.06359536468771042,5,175.0,run_level_subject_bootstrap
mpdd_personality_shuffled_severity_tfidf_logistic,MPDD-AVG-2026,Personality,ordinal severity prediction,shuffled personality TF-IDF + Logistic,ordinal_prediction,Macro-F1,0.30552885040527533,0.016284048588458156,0.2767624192741812,0.33192392627249356,5,175.0,run_level_subject_bootstrap
mpdd_personality_shuffled_severity_tfidf_logistic,MPDD-AVG-2026,Personality,ordinal severity prediction,shuffled personality TF-IDF + Logistic,ordinal_prediction,Ordinal MAE,0.7622857142857142,0.03968858366670937,0.7169428571428572,0.8214857142857143,5,175.0,run_level_subject_bootstrap
mpdd_personality_shuffled_severity_tfidf_logistic,MPDD-AVG-2026,Personality,ordinal severity prediction,shuffled personality TF-IDF + Logistic,ordinal_prediction,QWK,-0.0413508607653962,0.05473064148315829,-0.10115889852260918,0.0009078864364516128,5,175.0,run_level_subject_bootstrap
mpdd_video_severity_openface_mlp,MPDD-AVG-2026,Video,ordinal severity prediction,OpenFace statistics + MLP,ordinal_prediction,Brier Score,0.8330178733694712,0.021264246055958124,,,5,175.0,not_computed_default_lightweight
mpdd_video_severity_openface_mlp,MPDD-AVG-2026,Video,ordinal severity prediction,OpenFace statistics + MLP,ordinal_prediction,ECE,0.38392365071396567,0.015666002278855944,,,5,175.0,not_computed_default_lightweight
mpdd_video_severity_openface_mlp,MPDD-AVG-2026,Video,ordinal severity prediction,OpenFace statistics + MLP,ordinal_prediction,Macro-F1,0.33367941300371984,0.024072338582543644,,,5,175.0,not_computed_default_lightweight
mpdd_video_severity_openface_mlp,MPDD-AVG-2026,Video,ordinal severity prediction,OpenFace statistics + MLP,ordinal_prediction,Ordinal MAE,0.5908571428571429,0.028594276578735554,,,5,175.0,not_computed_default_lightweight
mpdd_video_severity_openface_mlp,MPDD-AVG-2026,Video,ordinal severity prediction,OpenFace statistics + MLP,ordinal_prediction,QWK,0.14383452460321444,0.021977223087507828,,,5,175.0,not_computed_default_lightweight
mpdd_video_severity_temporal_pooling,MPDD-AVG-2026,Video,ordinal severity prediction,official visual features + temporal pooling,ordinal_prediction,Brier Score,0.7830017822150517,0.02802202426768078,,,5,175.0,not_computed_default_lightweight
mpdd_video_severity_temporal_pooling,MPDD-AVG-2026,Video,ordinal severity prediction,official visual features + temporal pooling,ordinal_prediction,ECE,0.33593457084515854,0.025329234261775257,,,5,175.0,not_computed_default_lightweight
mpdd_video_severity_temporal_pooling,MPDD-AVG-2026,Video,ordinal severity prediction,official visual features + temporal pooling,ordinal_prediction,Macro-F1,0.37556213207951294,0.013573530683635456,,,5,175.0,not_computed_default_lightweight
mpdd_video_severity_temporal_pooling,MPDD-AVG-2026,Video,ordinal severity prediction,official visual features + temporal pooling,ordinal_prediction,Ordinal MAE,0.6114285714285714,0.02477655244420434,,,5,175.0,not_computed_default_lightweight
mpdd_video_severity_temporal_pooling,MPDD-AVG-2026,Video,ordinal severity prediction,official visual features + temporal pooling,ordinal_prediction,QWK,0.03920669344290075,0.045532756081176774,,,5,175.0,not_computed_default_lightweight
