run_id,group_type,metric,min_group,min_mean,max_group,max_mean,absolute_gap
mpdd_personality_shuffled_severity_tfidf_logistic,true_severity,Prediction Bias,2,-1.4571428571428569,0,0.6442307692307692,2.101373626373626
mpdd_demographics_age_severity_logistic,true_severity,Prediction Bias,2,-1.4095238095238094,0,0.675,2.0845238095238097
mpdd_personality_counterfactual_age_swap,true_severity,Prediction Bias,2,-1.4952380952380953,0,0.5865384615384615,2.081776556776557
mpdd_demographics_shuffled_age_severity_logistic,true_severity,Prediction Bias,2,-0.8476190476190476,0,1.0538461538461539,1.9014652014652014
mpdd_av_severity_early_fusion,true_severity,Prediction Bias,2,-1.438095238095238,0,0.3538461538461538,1.7919413919413918
mpdd_avp_severity_early_fusion_phase3,true_severity,Prediction Bias,2,-1.438095238095238,0,0.3538461538461538,1.7919413919413918
mpdd_avp_shuffled_personality_early_fusion,true_severity,Prediction Bias,2,-1.4285714285714286,0,0.3538461538461538,1.7824175824175823
mpdd_personality_severity_tfidf_logistic_phase3,true_severity,Prediction Bias,2,-1.3904761904761904,0,0.3192307692307692,1.7097069597069596
mpdd_av_severity_early_fusion,true_severity,Ordinal MAE,0,0.3538461538461538,2,1.438095238095238,1.0842490842490844
mpdd_avp_severity_early_fusion_phase3,true_severity,Ordinal MAE,0,0.3538461538461538,2,1.438095238095238,1.0842490842490844
mpdd_avp_shuffled_personality_early_fusion,true_severity,Ordinal MAE,0,0.3538461538461538,2,1.4285714285714286,1.074725274725275
mpdd_personality_severity_tfidf_logistic_phase3,true_severity,Ordinal MAE,0,0.3192307692307692,2,1.3904761904761904,1.0712454212454212
mpdd_demographics_age_severity_logistic,true_severity,Ordinal MAE,1,0.34,2,1.4095238095238094,1.0695238095238093
mpdd_avp_severity_early_fusion_phase3,true_severity,Brier Score,0,0.4771640746002864,2,1.4770809242457614,0.999916849645475
mpdd_avp_shuffled_personality_early_fusion,true_severity,Brier Score,0,0.4779025521134404,2,1.476390014698492,0.9984874625850517
mpdd_av_severity_early_fusion,true_severity,Brier Score,0,0.47821859516165227,2,1.4754065092355448,0.9971879140738926
mpdd_demographics_age_severity_logistic,financial_stress_bin,Prediction Bias,high_or_severe,-0.5714285714285714,unknown,0.39361702127659576,0.9650455927051671
mpdd_personality_severity_tfidf_logistic_phase3,financial_stress_bin,Prediction Bias,high_or_severe,-0.8,unknown,0.15106382978723404,0.951063829787234
mpdd_personality_counterfactual_age_swap,true_severity,Ordinal MAE,0,0.5865384615384615,2,1.4952380952380953,0.9086996336996338
mpdd_personality_shuffled_severity_tfidf_logistic,true_severity,Ordinal MAE,0,0.6442307692307692,2,1.4571428571428569,0.8129120879120877
mpdd_avp_severity_early_fusion_phase3,financial_stress_bin,Prediction Bias,high_or_severe,-0.8,unknown,-0.036170212765957444,0.7638297872340426
mpdd_avp_shuffled_personality_early_fusion,financial_stress_bin,Prediction Bias,high_or_severe,-0.8,unknown,-0.036170212765957444,0.7638297872340426
mpdd_av_severity_early_fusion,financial_stress_bin,Prediction Bias,high_or_severe,-0.8,unknown,-0.038297872340425525,0.7617021276595746
mpdd_demographics_age_severity_logistic,personality_neuroticism_bin,Prediction Bias,high,-0.31428571428571433,low,0.4387096774193548,0.7529953917050691
mpdd_personality_counterfactual_age_swap,personality_neuroticism_bin,Prediction Bias,mid,-0.23673469387755103,unknown,0.3953488372093023,0.6320835310868533
mpdd_personality_severity_tfidf_logistic_phase3,true_severity,Accuracy,2,0.09523809523809523,0,0.7211538461538461,0.6259157509157509
mpdd_demographics_shuffled_age_severity_logistic,personality_neuroticism_bin,Prediction Bias,high,0.11428571428571428,unknown,0.7348837209302325,0.6205980066445181
mpdd_personality_severity_tfidf_logistic_phase3,personality_agreeableness_bin,Prediction Bias,unknown,-0.380327868852459,mid,0.2391304347826087,0.6194583036350677
mpdd_personality_severity_tfidf_logistic_phase3,true_severity,Calibration Gap,0,-0.2505160900261033,2,0.3663918999227928,0.6169079899488961
mpdd_demographics_age_severity_logistic,personality_extraversion_bin,Prediction Bias,unknown,-0.14400000000000002,mid,0.46938775510204084,0.6133877551020408
mpdd_demographics_age_severity_logistic,true_severity,Accuracy,2,0.05714285714285714,1,0.66,0.6028571428571429
mpdd_demographics_age_severity_logistic,true_severity,Calibration Gap,1,-0.2496089951847061,2,0.3529320155652408,0.6025410107499469
mpdd_demographics_shuffled_age_severity_logistic,financial_stress_bin,Prediction Bias,high_or_severe,0.11428571428571428,none,0.6901960784313725,0.5759103641456582
mpdd_av_severity_early_fusion,true_severity,Accuracy,2,0.13333333333333333,0,0.701923076923077,0.5685897435897437
mpdd_avp_severity_early_fusion_phase3,true_severity,Accuracy,2,0.13333333333333333,0,0.701923076923077,0.5685897435897437
mpdd_avp_shuffled_personality_early_fusion,true_severity,Accuracy,2,0.13333333333333333,0,0.701923076923077,0.5685897435897437
mpdd_personality_severity_tfidf_logistic_phase3,personality_conscientiousness_bin,Prediction Bias,unknown,-0.36153846153846153,low,0.1827586206896552,0.5442970822281168
mpdd_demographics_age_severity_logistic,personality_openness_bin,Prediction Bias,high,-0.008000000000000002,mid,0.5333333333333333,0.5413333333333333
mpdd_avp_severity_early_fusion_phase3,true_severity,True Label Probability,2,0.1414331900443552,0,0.6731552435792618,0.5317220535349066
mpdd_avp_shuffled_personality_early_fusion,true_severity,True Label Probability,2,0.141413362846515,0,0.6728478824335953,0.5314345195870802
mpdd_av_severity_early_fusion,true_severity,True Label Probability,2,0.14193756392925483,0,0.6727133138115665,0.5307757498823117
mpdd_avp_severity_early_fusion_phase3,true_severity,ECE,0,0.1867520156929652,2,0.714212737293885,0.5274607216009198
mpdd_personality_severity_tfidf_logistic_phase3,personality_openness_bin,Prediction Bias,unknown,-0.3272727272727273,mid,0.19999999999999998,0.5272727272727273
mpdd_avp_shuffled_personality_early_fusion,true_severity,ECE,0,0.19135607031196364,2,0.7157840062708676,0.5244279359589039
mpdd_avp_severity_early_fusion_phase3,personality_neuroticism_bin,Prediction Bias,high,-0.5047619047619047,low,0.016129032258064516,0.5208909370199692
mpdd_av_severity_early_fusion,personality_neuroticism_bin,Prediction Bias,high,-0.5047619047619047,low,0.012903225806451613,0.5176651305683564
mpdd_personality_counterfactual_age_swap,financial_stress_bin,Prediction Bias,unknown,-0.1446808510638298,moderate,0.37142857142857144,0.5161094224924012
mpdd_personality_severity_tfidf_logistic_phase3,personality_extraversion_bin,Prediction Bias,unknown,-0.384,mid,0.13061224489795917,0.5146122448979592
mpdd_av_severity_early_fusion,true_severity,Calibration Gap,0,0.1763572095946576,2,0.6898979361277886,0.513540726533131
mpdd_avp_severity_early_fusion_phase3,true_severity,Calibration Gap,0,0.17625686413843816,2,0.6896476863425989,0.5133908222041608
mpdd_avp_shuffled_personality_early_fusion,true_severity,Calibration Gap,0,0.1764836231674169,2,0.6893097655829254,0.5128261424155085
mpdd_avp_shuffled_personality_early_fusion,personality_neuroticism_bin,Prediction Bias,high,-0.49523809523809526,low,0.016129032258064516,0.5113671274961598
mpdd_personality_counterfactual_age_swap,personality_openness_bin,Prediction Bias,low,-0.14285714285714285,unknown,0.36818181818181817,0.511038961038961
mpdd_avp_severity_early_fusion_phase3,personality_neuroticism_bin,Brier Score,unknown,0.5843801562524176,high,1.0898120121826305,0.5054318559302129
mpdd_av_severity_early_fusion,personality_neuroticism_bin,Brier Score,unknown,0.5848698911426676,high,1.090117621473102,0.5052477303304345
mpdd_avp_shuffled_personality_early_fusion,personality_neuroticism_bin,Brier Score,unknown,0.5853787913570377,high,1.0905786328513263,0.5051998414942885
mpdd_av_severity_early_fusion,true_severity,ECE,0,0.19898556406549758,2,0.7038325036155021,0.5048469395500045
mpdd_personality_severity_tfidf_logistic_phase3,financial_stress_bin,QWK,none,-0.01620230793872075,moderate,0.47439859525899913,0.4906009031977199
mpdd_avp_shuffled_personality_early_fusion,financial_stress_bin,Brier Score,none,0.622313505377563,mentioned_unclear,1.0962572363491372,0.47394373097157416
mpdd_av_severity_early_fusion,financial_stress_bin,Brier Score,none,0.6229997354842536,mentioned_unclear,1.0963424560445219,0.47334272056026827
mpdd_avp_severity_early_fusion_phase3,financial_stress_bin,Brier Score,none,0.6217732731028529,mentioned_unclear,1.0933791706439189,0.47160589754106597
mpdd_personality_shuffled_severity_tfidf_logistic,financial_stress_bin,Prediction Bias,high_or_severe,-0.2,none,0.2705882352941177,0.4705882352941177
mpdd_demographics_age_severity_logistic,age_group,Prediction Bias,elder,-0.06666666666666668,young,0.3977272727272727,0.46439393939393936
mpdd_personality_counterfactual_age_swap,personality_extraversion_bin,Prediction Bias,low,-0.22000000000000003,high,0.23846153846153845,0.4584615384615385
mpdd_personality_severity_tfidf_logistic_phase3,age_group,Prediction Bias,elder,-0.296551724137931,young,0.16136363636363635,0.45791536050156734
mpdd_personality_shuffled_severity_tfidf_logistic,financial_stress_bin,Ordinal MAE,mild_or_low,0.5999999999999999,high_or_severe,1.057142857142857,0.4571428571428571
mpdd_personality_counterfactual_age_swap,true_severity,Calibration Gap,0,-0.030859993443092083,2,0.4210256366663504,0.4518856301094425
mpdd_personality_counterfactual_age_swap,true_severity,Accuracy,2,0.09523809523809523,0,0.5442307692307692,0.44899267399267395
mpdd_personality_counterfactual_age_swap,age_group,Prediction Bias,young,-0.1909090909090909,elder,0.25747126436781614,0.448380355276907
mpdd_personality_counterfactual_age_swap,personality_conscientiousness_bin,Prediction Bias,low,-0.23793103448275862,high,0.20384615384615387,0.4417771883289125
mpdd_demographics_age_severity_logistic,personality_agreeableness_bin,Prediction Bias,high,0.014285714285714285,mid,0.4521739130434782,0.4378881987577639
mpdd_avp_severity_early_fusion_phase3,financial_stress_bin,QWK,moderate,-0.2239412562854179,unknown,0.20960653744028787,0.43354779372570573
mpdd_avp_shuffled_personality_early_fusion,financial_stress_bin,QWK,moderate,-0.2239412562854179,unknown,0.20960653744028787,0.43354779372570573
mpdd_av_severity_early_fusion,personality_agreeableness_bin,Prediction Bias,high,-0.38571428571428573,mid,0.04782608695652174,0.4335403726708075
mpdd_avp_severity_early_fusion_phase3,personality_agreeableness_bin,Prediction Bias,high,-0.38571428571428573,mid,0.04782608695652174,0.4335403726708075
mpdd_avp_shuffled_personality_early_fusion,personality_agreeableness_bin,Prediction Bias,high,-0.38571428571428573,mid,0.04782608695652174,0.4335403726708075
mpdd_av_severity_early_fusion,financial_stress_bin,QWK,moderate,-0.2239412562854179,unknown,0.20739552804110328,0.43133678432652117
mpdd_personality_severity_tfidf_logistic_phase3,financial_stress_bin,Ordinal MAE,moderate,0.3714285714285714,high_or_severe,0.8,0.42857142857142866
mpdd_personality_shuffled_severity_tfidf_logistic,personality_neuroticism_bin,Prediction Bias,high,-0.1619047619047619,unknown,0.2558139534883721,0.417718715393134
mpdd_personality_shuffled_severity_tfidf_logistic,personality_extraversion_bin,Prediction Bias,low,-0.05600000000000001,high,0.36153846153846153,0.4175384615384615
mpdd_personality_severity_tfidf_logistic_phase3,financial_stress_bin,Macro-F1,mentioned_unclear,0.22222222222222224,moderate,0.6395959595959596,0.4173737373737374
mpdd_av_severity_early_fusion,personality_neuroticism_bin,QWK,low,-0.08809328659412255,mid,0.3235894839068611,0.4116827705009837
mpdd_personality_counterfactual_age_swap,personality_agreeableness_bin,Prediction Bias,low,-0.185,unknown,0.22622950819672133,0.4112295081967213
mpdd_personality_severity_tfidf_logistic_phase3,personality_extraversion_bin,Ordinal MAE,high,0.24615384615384617,low,0.656,0.40984615384615386
mpdd_avp_severity_early_fusion_phase3,personality_neuroticism_bin,QWK,low,-0.08275604178204184,mid,0.3235894839068611,0.4063455256889029
mpdd_avp_shuffled_personality_early_fusion,personality_neuroticism_bin,QWK,low,-0.08275604178204184,mid,0.3235894839068611,0.4063455256889029
mpdd_personality_severity_tfidf_logistic_phase3,personality_extraversion_bin,Accuracy,low,0.396,high,0.8,0.404
mpdd_personality_shuffled_severity_tfidf_logistic,true_severity,Accuracy,2,0.11428571428571428,0,0.5153846153846153,0.40109890109890106
mpdd_personality_shuffled_severity_tfidf_logistic,true_severity,Calibration Gap,0,-0.07908567479527409,2,0.3175252607310682,0.3966109355263423
mpdd_personality_shuffled_severity_tfidf_logistic,financial_stress_bin,QWK,high_or_severe,-0.19961461864765667,mild_or_low,0.1938271926829988,0.3934418113306555
mpdd_demographics_age_severity_logistic,personality_conscientiousness_bin,Prediction Bias,high,-0.05384615384615384,mid,0.3282051282051282,0.382051282051282
mpdd_personality_severity_tfidf_logistic_phase3,personality_neuroticism_bin,Ordinal MAE,unknown,0.37209302325581395,high,0.7523809523809525,0.38028792912513854
mpdd_personality_severity_tfidf_logistic_phase3,personality_conscientiousness_bin,QWK,unknown,0.031824087956022006,mid,0.4083117259972907,0.3764876380412687
mpdd_personality_severity_tfidf_logistic_phase3,personality_extraversion_bin,Calibration Gap,high,-0.31877242146527107,low,0.0542770080181512,0.3730494294834223
mpdd_personality_severity_tfidf_logistic_phase3,personality_extraversion_bin,QWK,unknown,0.12733980394908412,high,0.4984923432617355,0.3711525393126514
mpdd_demographics_age_severity_logistic,financial_stress_bin,Ordinal MAE,unknown,0.6063829787234043,high_or_severe,0.9714285714285715,0.36504559270516723
mpdd_personality_severity_tfidf_logistic_phase3,personality_neuroticism_bin,Prediction Bias,unknown,-0.30697674418604654,low,0.058064516129032254,0.3650412603150788
mpdd_avp_shuffled_personality_early_fusion,financial_stress_bin,Ordinal MAE,none,0.4862745098039216,mentioned_unclear,0.85,0.36372549019607836
mpdd_av_severity_early_fusion,personality_extraversion_bin,QWK,unknown,-0.07872904255441493,high,0.28242160064988686,0.3611506432043018
mpdd_avp_severity_early_fusion_phase3,personality_extraversion_bin,QWK,unknown,-0.07872904255441493,high,0.28242160064988686,0.3611506432043018
mpdd_av_severity_early_fusion,financial_stress_bin,Ordinal MAE,none,0.4901960784313726,mentioned_unclear,0.85,0.3598039215686274
mpdd_avp_severity_early_fusion_phase3,financial_stress_bin,Ordinal MAE,none,0.4901960784313726,mentioned_unclear,0.85,0.3598039215686274
mpdd_personality_severity_tfidf_logistic_phase3,personality_neuroticism_bin,Accuracy,high,0.36190476190476184,unknown,0.7209302325581395,0.35902547065337764
mpdd_personality_severity_tfidf_logistic_phase3,personality_agreeableness_bin,QWK,unknown,0.02684455558680481,low,0.38489164782479823,0.3580470922379934
mpdd_avp_shuffled_personality_early_fusion,personality_openness_bin,QWK,unknown,-0.056850369385390585,high,0.2969509804908699,0.35380134987626044
mpdd_demographics_shuffled_age_severity_logistic,personality_openness_bin,Prediction Bias,high,0.312,unknown,0.6636363636363636,0.3516363636363636
mpdd_personality_shuffled_severity_tfidf_logistic,personality_conscientiousness_bin,Prediction Bias,low,-0.0896551724137931,mid,0.2615384615384615,0.3511936339522546
mpdd_avp_shuffled_personality_early_fusion,personality_extraversion_bin,QWK,unknown,-0.06719689637873427,high,0.28242160064988686,0.34961849702862113
mpdd_demographics_shuffled_age_severity_logistic,financial_stress_bin,QWK,none,-0.10090123492088013,high_or_severe,0.24780246913580242,0.34870370405668255
mpdd_demographics_shuffled_age_severity_logistic,personality_extraversion_bin,Prediction Bias,low,0.34400000000000003,high,0.6923076923076924,0.3483076923076924
mpdd_personality_severity_tfidf_logistic_phase3,personality_neuroticism_bin,Calibration Gap,unknown,-0.24204671412620837,high,0.10273843786963084,0.3447851519958392
mpdd_personality_severity_tfidf_logistic_phase3,personality_openness_bin,Ordinal MAE,unknown,0.40909090909090906,high,0.752,0.34290909090909094
mpdd_personality_severity_tfidf_logistic_phase3,financial_stress_bin,Accuracy,high_or_severe,0.45714285714285713,moderate,0.8,0.3428571428571429
mpdd_demographics_shuffled_age_severity_logistic,personality_conscientiousness_bin,Prediction Bias,low,0.35172413793103446,mid,0.6923076923076923,0.3405835543766578
mpdd_personality_severity_tfidf_logistic_phase3,financial_stress_bin,Calibration Gap,moderate,-0.3507325160932627,mentioned_unclear,-0.01166819523395769,0.33906432085930505
mpdd_avp_severity_early_fusion_phase3,personality_openness_bin,Prediction Bias,high,-0.33599999999999997,mid,0.0,0.33599999999999997
mpdd_av_severity_early_fusion,personality_openness_bin,QWK,unknown,-0.056850369385390585,high,0.27878748842191736,0.3356378578073079
mpdd_avp_severity_early_fusion_phase3,personality_openness_bin,QWK,unknown,-0.056850369385390585,high,0.27878748842191736,0.3356378578073079
mpdd_avp_shuffled_personality_early_fusion,financial_stress_bin,ECE,none,0.26270247379025824,mentioned_unclear,0.5950847710236922,0.33238229723343393
mpdd_av_severity_early_fusion,financial_stress_bin,ECE,none,0.2639923055429807,mentioned_unclear,0.5950080757658489,0.3310157702228682
mpdd_avp_severity_early_fusion_phase3,financial_stress_bin,ECE,none,0.2624599362725169,mentioned_unclear,0.5931354419863649,0.330675505713848
mpdd_av_severity_early_fusion,personality_openness_bin,Prediction Bias,high,-0.33599999999999997,mid,-0.005555555555555555,0.33044444444444443
mpdd_avp_shuffled_personality_early_fusion,personality_openness_bin,Prediction Bias,high,-0.32799999999999996,mid,0.0,0.32799999999999996
mpdd_demographics_shuffled_age_severity_logistic,true_severity,Ordinal MAE,1,0.728,0,1.0538461538461539,0.3258461538461539
mpdd_av_severity_early_fusion,personality_neuroticism_bin,Ordinal MAE,unknown,0.48372093023255813,high,0.8095238095238095,0.3258028792912514
mpdd_avp_severity_early_fusion_phase3,personality_neuroticism_bin,Ordinal MAE,unknown,0.48372093023255813,high,0.8095238095238095,0.3258028792912514
mpdd_personality_counterfactual_age_swap,true_severity,ECE,0,0.09731378691177771,2,0.42102563666635034,0.3237118497545726
mpdd_avp_shuffled_personality_early_fusion,personality_neuroticism_bin,Ordinal MAE,unknown,0.48372093023255813,high,0.8,0.3162790697674419
mpdd_personality_severity_tfidf_logistic_phase3,true_severity,Brier Score,0,0.5110909303510877,2,0.8238263560762782,0.31273542572519053
mpdd_personality_severity_tfidf_logistic_phase3,financial_stress_bin,ECE,mentioned_unclear,0.08302601897453377,moderate,0.39472851036047274,0.311702491385939
mpdd_av_severity_early_fusion,personality_conscientiousness_bin,Brier Score,unknown,0.5718436462257044,low,0.8817346674713249,0.3098910212456205
mpdd_avp_severity_early_fusion_phase3,personality_conscientiousness_bin,Brier Score,unknown,0.5723680766120018,low,0.881549144687787,0.30918106807578516
mpdd_avp_shuffled_personality_early_fusion,personality_conscientiousness_bin,Brier Score,unknown,0.5726208050659395,low,0.8815261440150332,0.30890533894909367
mpdd_avp_severity_early_fusion_phase3,personality_extraversion_bin,Brier Score,high,0.5935800004980823,low,0.9017990419521054,0.308219041454023
mpdd_avp_shuffled_personality_early_fusion,personality_extraversion_bin,Brier Score,high,0.5931231549601674,low,0.901209920501719,0.30808676554155157
mpdd_av_severity_early_fusion,personality_extraversion_bin,Brier Score,high,0.5940098461538477,low,0.9015376573624636,0.30752781120861594
mpdd_personality_counterfactual_age_swap,financial_stress_bin,Ordinal MAE,mild_or_low,0.7000000000000001,moderate,1.0,0.29999999999999993
mpdd_demographics_age_severity_logistic,personality_agreeableness_bin,Ordinal MAE,low,0.48,unknown,0.7737704918032786,0.29377049180327863
mpdd_demographics_age_severity_logistic,personality_extraversion_bin,QWK,unknown,-0.11666328342247892,high,0.17488991669585544,0.29155320011833435
mpdd_avp_shuffled_personality_early_fusion,personality_neuroticism_bin,ECE,unknown,0.24864491741938446,high,0.5374233199753047,0.28877840255592024
mpdd_demographics_age_severity_logistic,personality_extraversion_bin,Ordinal MAE,high,0.5384615384615384,unknown,0.8240000000000001,0.28553846153846163
mpdd_avp_severity_early_fusion_phase3,personality_neuroticism_bin,ECE,unknown,0.24809178648739455,high,0.5330886846558831,0.28499689816848855
mpdd_av_severity_early_fusion,personality_neuroticism_bin,ECE,unknown,0.2459449640251264,high,0.5278392181572634,0.28189425413213703
mpdd_avp_severity_early_fusion_phase3,personality_extraversion_bin,Prediction Bias,unknown,-0.268,mid,0.012244897959183676,0.28024489795918367
mpdd_personality_severity_tfidf_logistic_phase3,true_severity,ECE,1,0.10271690672591141,2,0.3829580956712787,0.2802411889453673
mpdd_avp_severity_early_fusion_phase3,personality_conscientiousness_bin,QWK,high,-0.03562017692452479,low,0.24412541841776533,0.27974559534229015
mpdd_avp_shuffled_personality_early_fusion,personality_conscientiousness_bin,QWK,high,-0.03562017692452479,low,0.24412541841776533,0.27974559534229015
mpdd_av_severity_early_fusion,personality_conscientiousness_bin,QWK,high,-0.03562017692452479,low,0.24098181677849456,0.27660199370301936
mpdd_demographics_age_severity_logistic,financial_stress_bin,Macro-F1,high_or_severe,0.19904761904761903,moderate,0.4753535353535353,0.2763059163059163
mpdd_avp_shuffled_personality_early_fusion,personality_extraversion_bin,Prediction Bias,unknown,-0.264,mid,0.012244897959183676,0.27624489795918367
mpdd_av_severity_early_fusion,personality_extraversion_bin,Prediction Bias,unknown,-0.268,mid,0.008163265306122453,0.27616326530612245
mpdd_demographics_age_severity_logistic,financial_stress_bin,QWK,none,-0.143261168759323,mentioned_unclear,0.13214285714285715,0.27540402590218016
mpdd_personality_shuffled_severity_tfidf_logistic,true_severity,Brier Score,0,0.5847144961459825,2,0.8587995975040718,0.2740851013580893
mpdd_personality_counterfactual_age_swap,personality_openness_bin,Ordinal MAE,mid,0.6,high,0.8719999999999999,0.2719999999999999
mpdd_personality_counterfactual_age_swap,true_severity,Brier Score,0,0.6097204144167147,2,0.8802867742410637,0.27056635982434907
mpdd_demographics_shuffled_age_severity_logistic,financial_stress_bin,Ordinal MAE,high_or_severe,0.8,none,1.0666666666666669,0.26666666666666683
mpdd_av_severity_early_fusion,personality_neuroticism_bin,Accuracy,high,0.3619047619047619,unknown,0.627906976744186,0.26600221483942416
mpdd_avp_severity_early_fusion_phase3,personality_neuroticism_bin,Accuracy,high,0.3619047619047619,unknown,0.627906976744186,0.26600221483942416
mpdd_avp_shuffled_personality_early_fusion,personality_neuroticism_bin,Accuracy,high,0.3619047619047619,unknown,0.627906976744186,0.26600221483942416
mpdd_avp_severity_early_fusion_phase3,personality_neuroticism_bin,Calibration Gap,unknown,0.24499234486728386,high,0.5105957706903516,0.26560342582306773
mpdd_avp_shuffled_personality_early_fusion,personality_neuroticism_bin,Calibration Gap,unknown,0.24543388009348704,high,0.5107024380386449,0.26526855794515786
mpdd_av_severity_early_fusion,personality_neuroticism_bin,Calibration Gap,unknown,0.24508768459495736,high,0.5100391946441916,0.26495151004923423
mpdd_av_severity_early_fusion,personality_extraversion_bin,Ordinal MAE,high,0.43076923076923074,unknown,0.692,0.2612307692307692
mpdd_avp_severity_early_fusion_phase3,personality_extraversion_bin,Ordinal MAE,high,0.43076923076923074,unknown,0.692,0.2612307692307692
mpdd_demographics_age_severity_logistic,financial_stress_bin,Calibration Gap,moderate,-0.23254684829365826,high_or_severe,0.026542165130333008,0.25908901342399127
mpdd_avp_severity_early_fusion_phase3,age_group,QWK,elder,-0.05776020073026804,young,0.20108830029367009,0.25884850102393814
mpdd_personality_counterfactual_age_swap,financial_stress_bin,ECE,unknown,0.10716764476567826,mentioned_unclear,0.3650265970702116,0.2578589523045334
mpdd_avp_shuffled_personality_early_fusion,personality_extraversion_bin,Ordinal MAE,high,0.43076923076923074,unknown,0.688,0.2572307692307692
mpdd_demographics_age_severity_logistic,financial_stress_bin,Accuracy,high_or_severe,0.37142857142857144,moderate,0.6285714285714286,0.2571428571428571
mpdd_personality_shuffled_severity_tfidf_logistic,personality_openness_bin,Ordinal MAE,mid,0.6388888888888888,high,0.8960000000000001,0.2571111111111113
mpdd_personality_counterfactual_age_swap,financial_stress_bin,QWK,high_or_severe,-0.2537933145009418,mild_or_low,0.0031563983170448174,0.2569497128179866
mpdd_av_severity_early_fusion,age_group,QWK,elder,-0.05776020073026804,young,0.19891758954547692,0.25667779027574494
mpdd_demographics_age_severity_logistic,true_severity,Macro-F1,2,0.035309617918313566,1,0.29156626506024097,0.2562566471419274
mpdd_avp_severity_early_fusion_phase3,personality_openness_bin,Brier Score,mid,0.6482178434658629,low,0.9043119903397929,0.25609414687393006
mpdd_avp_shuffled_personality_early_fusion,personality_openness_bin,Brier Score,mid,0.6487137084004146,low,0.9044584772249694,0.25574476882455477
mpdd_demographics_age_severity_logistic,personality_conscientiousness_bin,QWK,unknown,-0.13388311955674503,mid,0.12173913043478264,0.25562224999152766
mpdd_av_severity_early_fusion,personality_openness_bin,Brier Score,mid,0.6495071219620216,low,0.9041787949023021,0.2546716729402805
mpdd_personality_severity_tfidf_logistic_phase3,personality_conscientiousness_bin,Accuracy,low,0.4068965517241379,mid,0.6615384615384616,0.2546419098143237
mpdd_avp_severity_early_fusion_phase3,personality_agreeableness_bin,QWK,unknown,-0.04235133515837577,low,0.2112539705613162,0.253605305719692
mpdd_personality_counterfactual_age_swap,personality_neuroticism_bin,Ordinal MAE,low,0.6129032258064516,mid,0.8653061224489795,0.2524028966425279
mpdd_av_severity_early_fusion,personality_neuroticism_bin,True Label Probability,high,0.36646496575835913,unknown,0.6175250820444743,0.2510601162861152
mpdd_avp_shuffled_personality_early_fusion,personality_neuroticism_bin,True Label Probability,high,0.3664293471692433,unknown,0.6174108626452515,0.25098151547600817
mpdd_personality_severity_tfidf_logistic_phase3,personality_conscientiousness_bin,Macro-F1,unknown,0.2685896973134636,mid,0.5194173426946536,0.25082764538118996
mpdd_avp_severity_early_fusion_phase3,personality_neuroticism_bin,True Label Probability,high,0.3669009942486797,unknown,0.6176459035710735,0.2507449093223938
mpdd_avp_shuffled_personality_early_fusion,age_group,QWK,elder,-0.04933483623761992,young,0.20108830029367009,0.25042313653129
mpdd_av_severity_early_fusion,personality_agreeableness_bin,QWK,unknown,-0.04235133515837577,low,0.20662684536811682,0.2489781805264926
mpdd_avp_severity_early_fusion_phase3,financial_stress_bin,Calibration Gap,none,0.2529350909321392,mentioned_unclear,0.500255705375279,0.2473206144431398
mpdd_personality_severity_tfidf_logistic_phase3,personality_extraversion_bin,ECE,low,0.0837771231663895,high,0.33052468941981117,0.24674756625342167
mpdd_avp_shuffled_personality_early_fusion,financial_stress_bin,Calibration Gap,none,0.25334820562231897,mentioned_unclear,0.4995327367071857,0.2461845310848667
mpdd_personality_severity_tfidf_logistic_phase3,personality_openness_bin,QWK,unknown,0.038826482432168394,mid,0.2839623550348085,0.24513587260264008
mpdd_av_severity_early_fusion,financial_stress_bin,Calibration Gap,none,0.25343225096439925,mentioned_unclear,0.4984833744006963,0.24505112343629704
mpdd_personality_severity_tfidf_logistic_phase3,personality_conscientiousness_bin,Ordinal MAE,mid,0.37948717948717947,low,0.6241379310344828,0.2446507515473033
mpdd_avp_severity_early_fusion_phase3,financial_stress_bin,Macro-F1,mentioned_unclear,0.18666666666666665,unknown,0.4304975745673696,0.24383090790070294
mpdd_avp_shuffled_personality_early_fusion,financial_stress_bin,Macro-F1,mentioned_unclear,0.18666666666666665,unknown,0.4304975745673696,0.24383090790070294
mpdd_avp_shuffled_personality_early_fusion,personality_agreeableness_bin,QWK,unknown,-0.0306739913217813,low,0.2112539705613162,0.2419279618830975
mpdd_av_severity_early_fusion,financial_stress_bin,Macro-F1,mentioned_unclear,0.18666666666666665,unknown,0.42849843264136284,0.2418317659746962
mpdd_demographics_age_severity_logistic,financial_stress_bin,ECE,unknown,0.059385475535419695,moderate,0.3002097666326621,0.24082429109724238
mpdd_av_severity_early_fusion,personality_neuroticism_bin,Macro-F1,high,0.2547378129117259,mid,0.495066138495316,0.24032832558359007
mpdd_avp_severity_early_fusion_phase3,personality_neuroticism_bin,Macro-F1,high,0.2547378129117259,mid,0.495066138495316,0.24032832558359007
mpdd_avp_shuffled_personality_early_fusion,personality_neuroticism_bin,Macro-F1,high,0.25543866761258066,mid,0.495066138495316,0.23962747088273534
mpdd_personality_severity_tfidf_logistic_phase3,personality_neuroticism_bin,QWK,unknown,0.01368182462773162,low,0.2515486924556673,0.23786686782793567
mpdd_personality_counterfactual_age_swap,personality_neuroticism_bin,QWK,high,-0.18303041381283275,unknown,0.054322357547928066,0.23735277136076083
mpdd_personality_severity_tfidf_logistic_phase3,personality_conscientiousness_bin,Calibration Gap,unknown,-0.19278917251403213,low,0.04191726530315487,0.234706437817187
mpdd_personality_shuffled_severity_tfidf_logistic,true_severity,ECE,0,0.0992226214393281,2,0.33313420144154565,0.23391158000221757
mpdd_demographics_age_severity_logistic,true_severity,ECE,0,0.1379912439368285,2,0.3684836448353721,0.23049240089854361
mpdd_personality_severity_tfidf_logistic_phase3,personality_openness_bin,Accuracy,high,0.45599999999999996,unknown,0.6818181818181818,0.2258181818181818
mpdd_demographics_age_severity_logistic,personality_neuroticism_bin,Calibration Gap,unknown,-0.18159019679502103,high,0.04416485115812261,0.22575504795314363
mpdd_demographics_shuffled_age_severity_logistic,personality_agreeableness_bin,Prediction Bias,low,0.375,unknown,0.6,0.22499999999999998
mpdd_demographics_age_severity_logistic,personality_agreeableness_bin,Calibration Gap,low,-0.14719486349128755,mid,0.07702003636090933,0.2242148998521969
mpdd_personality_severity_tfidf_logistic_phase3,true_severity,Macro-F1,2,0.05565480895915679,0,0.2792911604642704,0.2236363515051136
mpdd_av_severity_early_fusion,financial_stress_bin,Accuracy,mentioned_unclear,0.4,none,0.6235294117647059,0.22352941176470587
mpdd_avp_severity_early_fusion_phase3,financial_stress_bin,Accuracy,mentioned_unclear,0.4,none,0.6235294117647059,0.22352941176470587
mpdd_avp_shuffled_personality_early_fusion,financial_stress_bin,Accuracy,mentioned_unclear,0.4,none,0.6235294117647059,0.22352941176470587
mpdd_demographics_age_severity_logistic,personality_conscientiousness_bin,Ordinal MAE,low,0.5931034482758621,unknown,0.8153846153846154,0.22228116710875323
mpdd_demographics_age_severity_logistic,personality_agreeableness_bin,Accuracy,mid,0.3391304347826087,low,0.5599999999999999,0.22086956521739126
mpdd_demographics_age_severity_logistic,personality_neuroticism_bin,Accuracy,high,0.36190476190476184,unknown,0.5813953488372092,0.21949058693244738
mpdd_av_severity_early_fusion,financial_stress_bin,True Label Probability,mentioned_unclear,0.38322628011363286,none,0.5996254401906205,0.21639916007698762
mpdd_avp_shuffled_personality_early_fusion,financial_stress_bin,True Label Probability,mentioned_unclear,0.38362925973071016,none,0.5999742031932997,0.2163449434625896
mpdd_personality_shuffled_severity_tfidf_logistic,personality_openness_bin,Prediction Bias,high,0.016,unknown,0.23181818181818184,0.21581818181818185
mpdd_avp_severity_early_fusion_phase3,personality_openness_bin,Ordinal MAE,mid,0.4333333333333333,low,0.6485714285714286,0.21523809523809528
mpdd_avp_shuffled_personality_early_fusion,personality_openness_bin,Ordinal MAE,mid,0.4333333333333333,low,0.6485714285714286,0.21523809523809528
mpdd_avp_severity_early_fusion_phase3,financial_stress_bin,True Label Probability,mentioned_unclear,0.3854713887447457,none,0.6000545512751547,0.21458316253040904
mpdd_personality_counterfactual_age_swap,personality_extraversion_bin,QWK,high,-0.19755442870557735,unknown,0.016173443059651536,0.2137278717652289
mpdd_demographics_age_severity_logistic,personality_openness_bin,Calibration Gap,unknown,-0.15510197565005768,mid,0.058029097142879515,0.2131310727929372
mpdd_personality_shuffled_severity_tfidf_logistic,personality_neuroticism_bin,Ordinal MAE,low,0.6741935483870968,high,0.8857142857142858,0.211520737327189
mpdd_av_severity_early_fusion,personality_conscientiousness_bin,Prediction Bias,unknown,-0.21538461538461537,mid,-0.0051282051282051325,0.21025641025641023
mpdd_avp_severity_early_fusion_phase3,personality_conscientiousness_bin,Prediction Bias,unknown,-0.21538461538461537,mid,-0.0051282051282051325,0.21025641025641023
mpdd_demographics_shuffled_age_severity_logistic,personality_conscientiousness_bin,Ordinal MAE,low,0.8206896551724137,unknown,1.0307692307692309,0.21007957559681723
mpdd_av_severity_early_fusion,personality_openness_bin,Ordinal MAE,mid,0.43888888888888883,low,0.6485714285714286,0.20968253968253975
mpdd_demographics_shuffled_age_severity_logistic,age_group,Prediction Bias,young,0.4318181818181818,elder,0.6413793103448275,0.2095611285266457
mpdd_avp_shuffled_personality_early_fusion,personality_conscientiousness_bin,Prediction Bias,high,-0.21153846153846154,mid,-0.0051282051282051325,0.2064102564102564
mpdd_personality_severity_tfidf_logistic_phase3,personality_openness_bin,Calibration Gap,unknown,-0.20689058223562004,high,-0.0012595813574193815,0.20563100087820066
mpdd_personality_shuffled_severity_tfidf_logistic,financial_stress_bin,ECE,unknown,0.06315719722508768,moderate,0.26515749177095577,0.2020002945458681
mpdd_demographics_age_severity_logistic,personality_openness_bin,Accuracy,mid,0.3555555555555555,unknown,0.5545454545454546,0.19898989898989905
mpdd_av_severity_early_fusion,true_severity,Macro-F1,2,0.07698814229249011,0,0.2748885576318688,0.1979004153393787
mpdd_avp_severity_early_fusion_phase3,true_severity,Macro-F1,2,0.07698814229249011,0,0.2748885576318688,0.1979004153393787
mpdd_avp_shuffled_personality_early_fusion,true_severity,Macro-F1,2,0.07698814229249011,0,0.2748885576318688,0.1979004153393787
mpdd_demographics_age_severity_logistic,personality_agreeableness_bin,QWK,unknown,-0.10831580816343886,mid,0.0891738299607239,0.19748963812416276
mpdd_personality_shuffled_severity_tfidf_logistic,financial_stress_bin,Accuracy,high_or_severe,0.2571428571428571,mild_or_low,0.45,0.1928571428571429
mpdd_personality_shuffled_severity_tfidf_logistic,financial_stress_bin,Calibration Gap,mild_or_low,-0.008383939779703375,high_or_severe,0.18342822594064825,0.19181216572035162
mpdd_demographics_age_severity_logistic,age_group,Calibration Gap,elder,-0.14878401025221477,young,0.04243650447986428,0.19122051473207904
mpdd_demographics_age_severity_logistic,personality_neuroticism_bin,QWK,unknown,-0.08240660923786872,high,0.10848245766619236,0.19088906690406107
mpdd_personality_counterfactual_age_swap,financial_stress_bin,Calibration Gap,none,0.07804662775923649,mentioned_unclear,0.26627790248646377,0.18823127472722728
mpdd_personality_shuffled_severity_tfidf_logistic,financial_stress_bin,Macro-F1,high_or_severe,0.20756613756613757,mild_or_low,0.3957427757427757,0.18817663817663816
mpdd_personality_counterfactual_age_swap,personality_openness_bin,QWK,high,-0.14341780360295575,unknown,0.043886049521169014,0.18730385312412476
mpdd_personality_severity_tfidf_logistic_phase3,personality_openness_bin,Macro-F1,unknown,0.27323486867148844,low,0.4597472058154417,0.18651233714395327
mpdd_demographics_shuffled_age_severity_logistic,personality_agreeableness_bin,Ordinal MAE,low,0.835,unknown,1.019672131147541,0.184672131147541
mpdd_personality_severity_tfidf_logistic_phase3,personality_extraversion_bin,Macro-F1,low,0.3091903585725122,high,0.4937842830397387,0.1845939244672265
mpdd_demographics_age_severity_logistic,personality_extraversion_bin,Calibration Gap,high,-0.17014660332393666,mid,0.013980534400814005,0.18412713772475067
mpdd_personality_severity_tfidf_logistic_phase3,personality_neuroticism_bin,Brier Score,unknown,0.5174893034799968,high,0.7009922227797014,0.18350291929970464
mpdd_demographics_shuffled_age_severity_logistic,financial_stress_bin,Accuracy,mild_or_low,0.26666666666666666,mentioned_unclear,0.45,0.18333333333333335
mpdd_demographics_shuffled_age_severity_logistic,personality_extraversion_bin,Ordinal MAE,low,0.8480000000000001,high,1.0307692307692307,0.18276923076923057
mpdd_demographics_shuffled_age_severity_logistic,personality_conscientiousness_bin,QWK,mid,-0.07435170256494902,low,0.10813637273834216,0.1824880753032912
mpdd_personality_severity_tfidf_logistic_phase3,personality_agreeableness_bin,Accuracy,mid,0.48695652173913045,unknown,0.6688524590163933,0.1818959372772629
mpdd_demographics_shuffled_age_severity_logistic,financial_stress_bin,Calibration Gap,mentioned_unclear,-0.05654186619176386,mild_or_low,0.12347576733271445,0.1800176335244783
mpdd_demographics_age_severity_logistic,personality_neuroticism_bin,ECE,mid,0.060755171831469966,unknown,0.2405528379372121,0.17979766610574213
mpdd_personality_counterfactual_age_swap,financial_stress_bin,Accuracy,mentioned_unclear,0.25,unknown,0.4297872340425532,0.1797872340425532
mpdd_demographics_shuffled_age_severity_logistic,true_severity,Calibration Gap,2,-0.06259304612437284,1,0.11576304531529495,0.1783560914396678
mpdd_personality_severity_tfidf_logistic_phase3,personality_neuroticism_bin,ECE,mid,0.07818804089954887,unknown,0.25650702496878475,0.17831898406923588
mpdd_avp_shuffled_personality_early_fusion,personality_extraversion_bin,Calibration Gap,high,0.23000208531335317,low,0.4083127457908827,0.17831066047752955
mpdd_personality_counterfactual_age_swap,true_severity,Macro-F1,2,0.056521739130434775,0,0.23469162606539876,0.178169886934964
mpdd_av_severity_early_fusion,personality_extraversion_bin,Calibration Gap,high,0.23045852092061692,low,0.4085077678541002,0.17804924693348329
mpdd_avp_severity_early_fusion_phase3,personality_extraversion_bin,Calibration Gap,high,0.230810908512345,low,0.40851289654609213,0.17770198803374712
mpdd_demographics_age_severity_logistic,personality_extraversion_bin,Accuracy,mid,0.4,high,0.5769230769230769,0.17692307692307685
mpdd_personality_severity_tfidf_logistic_phase3,financial_stress_bin,Brier Score,moderate,0.5010924085942318,mentioned_unclear,0.6771466728578759,0.17605426426364412
mpdd_personality_shuffled_severity_tfidf_logistic,personality_agreeableness_bin,Prediction Bias,low,-0.015,unknown,0.16065573770491803,0.17565573770491805
mpdd_demographics_shuffled_age_severity_logistic,true_severity,Accuracy,1,0.272,2,0.44761904761904764,0.17561904761904762
mpdd_av_severity_early_fusion,personality_extraversion_bin,Accuracy,low,0.472,high,0.6461538461538462,0.17415384615384621
mpdd_avp_severity_early_fusion_phase3,personality_extraversion_bin,Accuracy,low,0.472,high,0.6461538461538462,0.17415384615384621
mpdd_avp_shuffled_personality_early_fusion,personality_extraversion_bin,Accuracy,low,0.472,high,0.6461538461538462,0.17415384615384621
mpdd_demographics_age_severity_logistic,personality_openness_bin,QWK,unknown,-0.09167435139122512,high,0.08129175788478378,0.17296610927600892
mpdd_personality_shuffled_severity_tfidf_logistic,age_group,Prediction Bias,young,0.011363636363636364,elder,0.1839080459770115,0.17254440961337514
mpdd_demographics_age_severity_logistic,age_group,Accuracy,young,0.375,elder,0.5471264367816091,0.1721264367816091
mpdd_demographics_shuffled_age_severity_logistic,personality_neuroticism_bin,Ordinal MAE,low,0.8806451612903226,unknown,1.0511627906976744,0.17051762940735182
mpdd_personality_shuffled_severity_tfidf_logistic,personality_openness_bin,Calibration Gap,mid,-0.04249559157546319,high,0.12739659991817548,0.16989219149363866
mpdd_personality_severity_tfidf_logistic_phase3,personality_extraversion_bin,Brier Score,high,0.48399002861816454,low,0.6537702399250673,0.1697802113069028
mpdd_personality_severity_tfidf_logistic_phase3,age_group,Accuracy,young,0.4886363636363636,elder,0.657471264367816,0.1688349007314524
mpdd_demographics_age_severity_logistic,personality_extraversion_bin,ECE,low,0.052949052083075675,high,0.22172519885718903,0.16877614677411334
mpdd_personality_severity_tfidf_logistic_phase3,personality_agreeableness_bin,Macro-F1,unknown,0.2801943694969737,low,0.4483530357338023,0.16815866623682862
mpdd_personality_shuffled_severity_tfidf_logistic,personality_neuroticism_bin,Calibration Gap,low,-0.01489233741555086,high,0.15231612658271568,0.16720846399826653
mpdd_personality_severity_tfidf_logistic_phase3,personality_neuroticism_bin,Macro-F1,unknown,0.2807771607223662,low,0.44674055006417834,0.16596338934181215
mpdd_personality_shuffled_severity_tfidf_logistic,personality_neuroticism_bin,Accuracy,high,0.2857142857142857,low,0.4516129032258064,0.16589861751152069
mpdd_personality_shuffled_severity_tfidf_logistic,personality_openness_bin,Accuracy,high,0.312,mid,0.47777777777777775,0.16577777777777775
mpdd_demographics_age_severity_logistic,personality_openness_bin,ECE,high,0.06324602483100986,unknown,0.22899355263893018,0.16574752780792032
mpdd_demographics_shuffled_age_severity_logistic,personality_openness_bin,Ordinal MAE,mid,0.8666666666666668,high,1.032,0.16533333333333322
mpdd_demographics_age_severity_logistic,personality_conscientiousness_bin,Macro-F1,low,0.21005747126436777,high,0.3723983395405476,0.1623408682761798
mpdd_personality_shuffled_severity_tfidf_logistic,true_severity,Macro-F1,2,0.06648424039728386,0,0.2265226200365737,0.16003837963928985
mpdd_avp_severity_early_fusion_phase3,personality_openness_bin,Calibration Gap,mid,0.234697853608795,high,0.3942721220401467,0.15957426843135172
mpdd_avp_shuffled_personality_early_fusion,personality_openness_bin,Calibration Gap,mid,0.23545457523572164,high,0.39392815759910765,0.15847358236338602
mpdd_personality_counterfactual_age_swap,personality_extraversion_bin,Ordinal MAE,mid,0.6653061224489795,high,0.8230769230769232,0.15777080062794369
mpdd_personality_severity_tfidf_logistic_phase3,personality_agreeableness_bin,Calibration Gap,unknown,-0.1902807811071588,mid,-0.03258317334958655,0.15769760775757224
mpdd_personality_severity_tfidf_logistic_phase3,true_severity,True Label Probability,2,0.2735624352158997,0,0.43110012395504016,0.15753768873914048
mpdd_personality_shuffled_severity_tfidf_logistic,personality_conscientiousness_bin,QWK,unknown,-0.11131443771043267,mid,0.04590371405114295,0.1572181517615756
mpdd_demographics_shuffled_age_severity_logistic,age_group,Ordinal MAE,young,0.859090909090909,elder,1.013793103448276,0.15470219435736687
mpdd_av_severity_early_fusion,personality_openness_bin,Calibration Gap,mid,0.24081371499870846,high,0.3943316220632874,0.15351790706457896
mpdd_demographics_age_severity_logistic,personality_conscientiousness_bin,ECE,low,0.05079907356169313,high,0.20395976109325523,0.1531606875315621
mpdd_personality_severity_tfidf_logistic_phase3,personality_openness_bin,ECE,mid,0.08966909346466141,unknown,0.2424489882281411,0.1527798947634797
mpdd_personality_severity_tfidf_logistic_phase3,personality_openness_bin,Brier Score,unknown,0.5370058367844462,high,0.6889888772475264,0.1519830404630802
mpdd_avp_shuffled_personality_early_fusion,personality_extraversion_bin,ECE,high,0.26133462459381646,low,0.41306497936326786,0.1517303547694514
mpdd_avp_shuffled_personality_early_fusion,personality_conscientiousness_bin,True Label Probability,low,0.45823246146635527,unknown,0.6095177804387173,0.15128531897236203
mpdd_av_severity_early_fusion,personality_conscientiousness_bin,True Label Probability,low,0.45835924521707766,unknown,0.6095240507429132,0.1511648055258355
mpdd_avp_severity_early_fusion_phase3,personality_conscientiousness_bin,True Label Probability,low,0.4584991558978446,unknown,0.6095628963787167,0.15106374048087212
mpdd_personality_counterfactual_age_swap,personality_openness_bin,Calibration Gap,mid,0.008868739328479324,high,0.15963682126347697,0.15076808193499766
mpdd_avp_severity_early_fusion_phase3,personality_extraversion_bin,True Label Probability,low,0.46288585800639376,high,0.6130275970507778,0.15014173904438405
mpdd_avp_shuffled_personality_early_fusion,personality_extraversion_bin,True Label Probability,low,0.4630266522168568,high,0.612768093087196,0.14974144087033925
mpdd_personality_counterfactual_age_swap,financial_stress_bin,Macro-F1,moderate,0.16571428571428576,none,0.3152574114962758,0.14954312578199003
mpdd_av_severity_early_fusion,personality_extraversion_bin,True Label Probability,low,0.463009185108207,high,0.6124373244179864,0.14942813930977938
mpdd_demographics_shuffled_age_severity_logistic,personality_openness_bin,QWK,high,-0.08631766036036122,low,0.06272333140406236,0.1490409917644236
mpdd_av_severity_early_fusion,personality_conscientiousness_bin,ECE,unknown,0.260262047273801,low,0.4085186899152836,0.14825664264148264
mpdd_demographics_age_severity_logistic,personality_agreeableness_bin,Macro-F1,mid,0.22163299663299663,high,0.36967528588496334,0.14804228925196672
mpdd_av_severity_early_fusion,personality_conscientiousness_bin,Calibration Gap,unknown,0.22805956710622688,low,0.3760158277569655,0.14795626065073864
mpdd_av_severity_early_fusion,personality_extraversion_bin,ECE,high,0.2690071042113193,low,0.4169306216711872,0.14792351745986793
mpdd_personality_severity_tfidf_logistic_phase3,age_group,Calibration Gap,elder,-0.1819080841388419,young,-0.03497417551465776,0.14693390862418415
mpdd_demographics_shuffled_age_severity_logistic,financial_stress_bin,Macro-F1,moderate,0.2312169312169312,mentioned_unclear,0.37777777777777777,0.14656084656084656
mpdd_personality_counterfactual_age_swap,personality_neuroticism_bin,Calibration Gap,low,0.03398302854894138,mid,0.1801269153741066,0.14614388682516521
mpdd_demographics_shuffled_age_severity_logistic,personality_neuroticism_bin,Calibration Gap,low,0.015828287367091944,high,0.16168931759141772,0.14586103022432578
mpdd_personality_counterfactual_age_swap,personality_openness_bin,Accuracy,high,0.36,mid,0.5055555555555556,0.14555555555555566
mpdd_avp_severity_early_fusion_phase3,personality_conscientiousness_bin,ECE,unknown,0.2589751895715691,low,0.4037259156548065,0.14475072608323736
mpdd_personality_counterfactual_age_swap,personality_neuroticism_bin,Accuracy,mid,0.34285714285714286,low,0.4870967741935484,0.14423963133640555
mpdd_avp_severity_early_fusion_phase3,personality_conscientiousness_bin,Calibration Gap,unknown,0.22851977028667864,low,0.3726706050908131,0.1441508348041345
mpdd_demographics_age_severity_logistic,personality_conscientiousness_bin,Calibration Gap,high,-0.13772172533601618,low,0.006108527057867685,0.14383025239388386
mpdd_avp_shuffled_personality_early_fusion,personality_conscientiousness_bin,Calibration Gap,unknown,0.22903489647549638,low,0.37209532077255325,0.14306042429705687
mpdd_demographics_shuffled_age_severity_logistic,personality_openness_bin,Calibration Gap,mid,-0.00921069297402639,high,0.13361799256110068,0.14282868553512706
mpdd_demographics_shuffled_age_severity_logistic,personality_neuroticism_bin,Accuracy,high,0.22857142857142856,low,0.3709677419354839,0.1423963133640553
mpdd_avp_severity_early_fusion_phase3,age_group,Prediction Bias,elder,-0.20229885057471267,young,-0.061363636363636356,0.1409352142110763
mpdd_av_severity_early_fusion,personality_conscientiousness_bin,Accuracy,low,0.48275862068965514,unknown,0.6230769230769231,0.14031830238726795
mpdd_demographics_shuffled_age_severity_logistic,personality_agreeableness_bin,QWK,unknown,-0.04945721561519358,low,0.09070489795749229,0.14016211357268588
mpdd_avp_severity_early_fusion_phase3,personality_extraversion_bin,ECE,high,0.27041421710286573,low,0.4101453264599814,0.1397311093571157
mpdd_avp_severity_early_fusion_phase3,personality_openness_bin,Accuracy,low,0.4714285714285714,mid,0.6111111111111112,0.13968253968253974
mpdd_avp_shuffled_personality_early_fusion,personality_openness_bin,Accuracy,low,0.4714285714285714,mid,0.6111111111111112,0.13968253968253974
mpdd_personality_counterfactual_age_swap,financial_stress_bin,Brier Score,unknown,0.6676323815993346,moderate,0.8070741392393543,0.13944175764001976
mpdd_av_severity_early_fusion,age_group,Prediction Bias,elder,-0.20229885057471267,young,-0.06363636363636363,0.13866248693834904
mpdd_avp_shuffled_personality_early_fusion,age_group,Prediction Bias,elder,-0.2,young,-0.061363636363636356,0.13863636363636367
mpdd_demographics_shuffled_age_severity_logistic,personality_openness_bin,Accuracy,high,0.256,mid,0.39444444444444443,0.13844444444444443
mpdd_personality_shuffled_severity_tfidf_logistic,personality_extraversion_bin,Ordinal MAE,mid,0.6816326530612244,unknown,0.8200000000000001,0.13836734693877561
mpdd_demographics_age_severity_logistic,personality_extraversion_bin,Macro-F1,unknown,0.24594138004663132,high,0.3841405653170359,0.13819918527040456
mpdd_avp_severity_early_fusion_phase3,personality_conscientiousness_bin,Accuracy,low,0.4862068965517242,unknown,0.6230769230769231,0.13687002652519886
mpdd_avp_shuffled_personality_early_fusion,personality_conscientiousness_bin,Accuracy,low,0.4862068965517242,unknown,0.6230769230769231,0.13687002652519886
mpdd_personality_shuffled_severity_tfidf_logistic,true_severity,True Label Probability,2,0.2515273401528538,0,0.38825946789214033,0.13673212773928656
mpdd_avp_severity_early_fusion_phase3,age_group,Brier Score,elder,0.7202862375089552,young,0.855065921581992,0.13477968407303687
mpdd_av_severity_early_fusion,age_group,Brier Score,elder,0.7206896680712465,young,0.8553023984199537,0.13461273034870724
mpdd_avp_shuffled_personality_early_fusion,age_group,Brier Score,elder,0.7209531317899629,young,0.8551297542759373,0.1341766224859744
mpdd_av_severity_early_fusion,personality_openness_bin,Accuracy,low,0.4714285714285714,mid,0.6055555555555556,0.1341269841269842
mpdd_personality_severity_tfidf_logistic_phase3,personality_conscientiousness_bin,ECE,low,0.09941747181820786,unknown,0.23352023158500654,0.1341027597667987
mpdd_avp_shuffled_personality_early_fusion,personality_agreeableness_bin,Brier Score,high,0.7288606311378156,low,0.8627768626932102,0.13391623155539456
mpdd_avp_severity_early_fusion_phase3,personality_agreeableness_bin,Brier Score,high,0.7285441802409646,low,0.8623338411924981,0.13378966095153355
mpdd_av_severity_early_fusion,personality_agreeableness_bin,Brier Score,high,0.7287533294729492,low,0.8623435391804899,0.13359020970754065
mpdd_personality_counterfactual_age_swap,true_severity,True Label Probability,2,0.2590056742499722,0,0.39247247509377836,0.1334668008438062
mpdd_demographics_age_severity_logistic,age_group,ECE,young,0.07092182873103836,elder,0.20311836721228302,0.13219653848124466
mpdd_demographics_shuffled_age_severity_logistic,personality_neuroticism_bin,Macro-F1,high,0.21115711544504112,mid,0.3414768655099524,0.13031975006491126
mpdd_avp_shuffled_personality_early_fusion,personality_conscientiousness_bin,ECE,unknown,0.2688135045498198,low,0.3987869763961194,0.1299734718462996
mpdd_demographics_shuffled_age_severity_logistic,personality_neuroticism_bin,QWK,high,-0.05605402819446041,low,0.07296892789075941,0.12902295608521983
mpdd_demographics_shuffled_age_severity_logistic,financial_stress_bin,ECE,unknown,0.09094048639088873,mentioned_unclear,0.21937777554810367,0.12843728915721495
mpdd_demographics_age_severity_logistic,personality_conscientiousness_bin,Accuracy,low,0.41034482758620683,high,0.5384615384615384,0.1281167108753316
mpdd_personality_severity_tfidf_logistic_phase3,personality_agreeableness_bin,Ordinal MAE,unknown,0.46557377049180326,high,0.5928571428571427,0.1272833723653395
mpdd_personality_shuffled_severity_tfidf_logistic,personality_neuroticism_bin,ECE,low,0.06553308000227996,high,0.19158472625001086,0.1260516462477309
mpdd_personality_counterfactual_age_swap,personality_agreeableness_bin,Accuracy,low,0.34,mid,0.46521739130434775,0.12521739130434772
mpdd_avp_severity_early_fusion_phase3,personality_conscientiousness_bin,Macro-F1,mid,0.32432474760316105,low,0.448153344667469,0.12382859706430793
mpdd_avp_shuffled_personality_early_fusion,personality_conscientiousness_bin,Macro-F1,mid,0.32432474760316105,low,0.448153344667469,0.12382859706430793
mpdd_avp_severity_early_fusion_phase3,personality_agreeableness_bin,Macro-F1,unknown,0.31049371383355556,low,0.4327297569402832,0.12223604310672764
mpdd_avp_shuffled_personality_early_fusion,personality_agreeableness_bin,Macro-F1,unknown,0.3105630590059306,low,0.4327297569402832,0.12216669793435259
mpdd_personality_counterfactual_age_swap,personality_agreeableness_bin,Calibration Gap,mid,0.06270900523263918,low,0.18469945111621922,0.12199044588358003
mpdd_av_severity_early_fusion,personality_conscientiousness_bin,Macro-F1,mid,0.32432474760316105,low,0.4450808114254442,0.12075606382228316
mpdd_personality_shuffled_severity_tfidf_logistic,personality_openness_bin,QWK,unknown,-0.12878209746868183,low,-0.008162542115284156,0.12061955535339768
mpdd_personality_counterfactual_age_swap,personality_openness_bin,Brier Score,mid,0.6202386496810901,high,0.7399485581034946,0.11970990842240448
mpdd_av_severity_early_fusion,personality_agreeableness_bin,Macro-F1,unknown,0.31049371383355556,low,0.4287643759160787,0.11827066208252313
mpdd_personality_severity_tfidf_logistic_phase3,age_group,QWK,elder,0.1277887750383185,young,0.245578979614687,0.11779020457636849
mpdd_avp_severity_early_fusion_phase3,personality_openness_bin,ECE,mid,0.28511324600310367,high,0.40269011704640195,0.11757687104329828
mpdd_demographics_age_severity_logistic,financial_stress_bin,Brier Score,moderate,0.5804560249626105,mild_or_low,0.6979243196445766,0.11746829468196607
mpdd_demographics_age_severity_logistic,personality_openness_bin,Macro-F1,mid,0.23876117496807153,high,0.3558416665968154,0.11708049162874384
mpdd_avp_shuffled_personality_early_fusion,personality_openness_bin,Macro-F1,unknown,0.3090334689676795,high,0.42526753578477716,0.11623406681709764
mpdd_av_severity_early_fusion,personality_openness_bin,Macro-F1,unknown,0.3090334689676795,high,0.4247450697450697,0.11571160077739018
mpdd_avp_severity_early_fusion_phase3,personality_openness_bin,Macro-F1,unknown,0.3090334689676795,high,0.4247450697450697,0.11571160077739018
mpdd_avp_shuffled_personality_early_fusion,personality_openness_bin,True Label Probability,low,0.44969262691518946,mid,0.5649751927110203,0.1152825657958308
mpdd_avp_severity_early_fusion_phase3,personality_openness_bin,True Label Probability,low,0.4500495983503504,mid,0.5648803471275582,0.11483074877720778
mpdd_av_severity_early_fusion,personality_openness_bin,True Label Probability,low,0.4499673504153468,mid,0.5645557992228646,0.11458844880751778
mpdd_personality_counterfactual_age_swap,personality_conscientiousness_bin,ECE,low,0.11553557942589616,high,0.22873738134354263,0.11320180191764646
mpdd_demographics_shuffled_age_severity_logistic,personality_neuroticism_bin,ECE,mid,0.04864852463770813,high,0.16168931759141772,0.11304079295370958
mpdd_personality_severity_tfidf_logistic_phase3,personality_conscientiousness_bin,Brier Score,high,0.5419868905615796,low,0.6549583179823066,0.11297142742072708
mpdd_personality_shuffled_severity_tfidf_logistic,personality_neuroticism_bin,QWK,unknown,-0.12706443255588404,low,-0.014777865993420503,0.11228656656246354
mpdd_personality_shuffled_severity_tfidf_logistic,financial_stress_bin,Brier Score,mild_or_low,0.6275963539213479,high_or_severe,0.7391007865913556,0.11150443267000765
mpdd_avp_severity_early_fusion_phase3,age_group,Macro-F1,elder,0.317797413181899,young,0.42738059513518617,0.10958318195328715
mpdd_avp_shuffled_personality_early_fusion,age_group,Macro-F1,elder,0.31791188140025345,young,0.42738059513518617,0.10946871373493272
mpdd_av_severity_early_fusion,age_group,Macro-F1,elder,0.317797413181899,young,0.42533659399968593,0.1075391808177869
mpdd_av_severity_early_fusion,personality_openness_bin,ECE,mid,0.3010575165716633,high,0.4085361078537925,0.10747859128212922
mpdd_demographics_age_severity_logistic,personality_neuroticism_bin,Ordinal MAE,low,0.6451612903225806,high,0.7523809523809524,0.10721966205837175
mpdd_avp_shuffled_personality_early_fusion,personality_extraversion_bin,Macro-F1,unknown,0.30978668953016625,high,0.41578047683310837,0.10599378730294212
mpdd_av_severity_early_fusion,personality_extraversion_bin,Macro-F1,unknown,0.3098064319809223,high,0.41578047683310837,0.10597404485218609
mpdd_avp_severity_early_fusion_phase3,personality_extraversion_bin,Macro-F1,unknown,0.3098064319809223,high,0.41578047683310837,0.10597404485218609
mpdd_personality_severity_tfidf_logistic_phase3,personality_agreeableness_bin,ECE,mid,0.1056703379511073,unknown,0.21010025711784378,0.10442991916673648
mpdd_personality_counterfactual_age_swap,personality_agreeableness_bin,ECE,mid,0.115512561184582,low,0.21975843412123974,0.10424587293665774
mpdd_avp_shuffled_personality_early_fusion,personality_openness_bin,ECE,mid,0.3023048240610605,high,0.4048097878312994,0.10250496377023888
mpdd_demographics_shuffled_age_severity_logistic,personality_openness_bin,Macro-F1,high,0.22122745675377256,mid,0.32234730400624556,0.101119847252473
mpdd_av_severity_early_fusion,personality_agreeableness_bin,ECE,unknown,0.32135865884001635,low,0.4213728018156838,0.10001414297566746
mpdd_personality_counterfactual_age_swap,personality_neuroticism_bin,ECE,low,0.1063265918021771,mid,0.2044467535103581,0.098120161708181
mpdd_personality_counterfactual_age_swap,personality_conscientiousness_bin,QWK,high,-0.07437749287749287,low,0.023167891560624265,0.09754538443811714
mpdd_personality_counterfactual_age_swap,personality_agreeableness_bin,Brier Score,mid,0.6423981695232956,low,0.7391050606608263,0.09670689113753062
mpdd_demographics_shuffled_age_severity_logistic,true_severity,ECE,0,0.11214469022112464,2,0.20789397756911163,0.09574928734798699
mpdd_avp_shuffled_personality_early_fusion,personality_agreeableness_bin,ECE,unknown,0.3185576079749349,low,0.41274159867940285,0.09418399070446798
mpdd_demographics_shuffled_age_severity_logistic,personality_extraversion_bin,QWK,high,-0.02809440036947648,low,0.06601659082477909,0.09411099119425557
mpdd_avp_shuffled_personality_early_fusion,personality_agreeableness_bin,True Label Probability,mid,0.4679840995212672,high,0.5619828002670557,0.09399870074578853
mpdd_av_severity_early_fusion,personality_agreeableness_bin,True Label Probability,mid,0.46820306340127243,high,0.5621073667878945,0.09390430338662209
mpdd_personality_shuffled_severity_tfidf_logistic,personality_agreeableness_bin,Ordinal MAE,mid,0.7347826086956522,high,0.8285714285714285,0.09378881987577636
mpdd_avp_severity_early_fusion_phase3,personality_agreeableness_bin,True Label Probability,mid,0.46816933729226173,high,0.5619360459645553,0.09376670867229353
mpdd_personality_counterfactual_age_swap,personality_neuroticism_bin,Brier Score,low,0.6406117377708005,mid,0.7339127551089011,0.09330101733810059
mpdd_avp_severity_early_fusion_phase3,financial_stress_bin,Mean Confidence,unknown,0.8531776763230795,high_or_severe,0.9463849170799138,0.09320724075683429
mpdd_avp_severity_early_fusion_phase3,personality_agreeableness_bin,ECE,unknown,0.3180265387960551,low,0.4110373423210028,0.09301080352494773
mpdd_personality_severity_tfidf_logistic_phase3,personality_neuroticism_bin,True Label Probability,high,0.3346488993229745,unknown,0.42756120450515367,0.09291230518217919
mpdd_avp_shuffled_personality_early_fusion,financial_stress_bin,Mean Confidence,unknown,0.8529558743288554,high_or_severe,0.945778077195482,0.09282220286662657
mpdd_demographics_shuffled_age_severity_logistic,personality_extraversion_bin,Macro-F1,high,0.21703254599806324,unknown,0.3098371479919339,0.09280460199387067
mpdd_personality_counterfactual_age_swap,personality_openness_bin,ECE,mid,0.10975687744300974,high,0.2017942605226355,0.09203738307962575
mpdd_demographics_shuffled_age_severity_logistic,personality_agreeableness_bin,Macro-F1,unknown,0.2574764594495559,high,0.3494405376758318,0.09196407822627589
mpdd_personality_severity_tfidf_logistic_phase3,personality_extraversion_bin,True Label Probability,low,0.3551817391099364,high,0.44710463878049833,0.09192289967056194
mpdd_av_severity_early_fusion,financial_stress_bin,Mean Confidence,unknown,0.853255376517341,high_or_severe,0.9450142186854584,0.09175884216811747
mpdd_personality_counterfactual_age_swap,personality_conscientiousness_bin,Accuracy,high,0.3653846153846154,mid,0.4564102564102564,0.09102564102564098
mpdd_avp_severity_early_fusion_phase3,age_group,True Label Probability,young,0.46566648899655627,elder,0.5566864646714177,0.09101997567486142
mpdd_avp_shuffled_personality_early_fusion,age_group,True Label Probability,young,0.4654809743507566,elder,0.556488608159678,0.09100763380892146
mpdd_av_severity_early_fusion,age_group,True Label Probability,young,0.46563434502237155,elder,0.5563937304827303,0.09075938546035878
mpdd_personality_severity_tfidf_logistic_phase3,age_group,ECE,young,0.10837863646163992,elder,0.19887268837747113,0.09049405191583121
mpdd_personality_counterfactual_age_swap,personality_extraversion_bin,ECE,mid,0.12753001832032695,high,0.21764488887113131,0.09011487055080436
mpdd_personality_shuffled_severity_tfidf_logistic,personality_extraversion_bin,Accuracy,low,0.352,mid,0.4408163265306123,0.08881632653061233
mpdd_av_severity_early_fusion,personality_agreeableness_bin,Accuracy,low,0.49000000000000005,high,0.5785714285714285,0.08857142857142847
mpdd_personality_shuffled_severity_tfidf_logistic,personality_neuroticism_bin,Macro-F1,high,0.24168419815478642,low,0.3287853211151051,0.08710112296031869
mpdd_personality_shuffled_severity_tfidf_logistic,personality_neuroticism_bin,Brier Score,unknown,0.6165071206593966,high,0.703514389637902,0.08700726897850541
mpdd_personality_shuffled_severity_tfidf_logistic,personality_extraversion_bin,Calibration Gap,mid,-0.003652015620623883,low,0.08211507218835917,0.08576708780898305
mpdd_demographics_age_severity_logistic,age_group,Ordinal MAE,young,0.625,elder,0.710344827586207,0.08534482758620698
mpdd_personality_shuffled_severity_tfidf_logistic,personality_conscientiousness_bin,Ordinal MAE,mid,0.7230769230769231,unknown,0.8076923076923077,0.08461538461538465
mpdd_personality_counterfactual_age_swap,personality_extraversion_bin,Macro-F1,high,0.2276242357836286,unknown,0.31125106828770305,0.08362683250407446
mpdd_avp_severity_early_fusion_phase3,personality_agreeableness_bin,Accuracy,low,0.495,high,0.5785714285714285,0.08357142857142852
mpdd_avp_shuffled_personality_early_fusion,personality_agreeableness_bin,Accuracy,low,0.495,high,0.5785714285714285,0.08357142857142852
mpdd_personality_shuffled_severity_tfidf_logistic,personality_extraversion_bin,QWK,unknown,-0.07551726896114849,high,0.0076405784907294105,0.0831578474518779
mpdd_personality_shuffled_severity_tfidf_logistic,personality_agreeableness_bin,ECE,unknown,0.0636797748739615,high,0.1453774356479686,0.0816976607740071
mpdd_personality_severity_tfidf_logistic_phase3,age_group,Brier Score,elder,0.5437622470158135,young,0.6251973421562615,0.081435095140448
mpdd_demographics_age_severity_logistic,personality_neuroticism_bin,Macro-F1,unknown,0.26510356197708906,mid,0.34644007854634035,0.08133651656925128
mpdd_demographics_age_severity_logistic,age_group,QWK,elder,-0.08127427573673521,young,0.0,0.08127427573673521
mpdd_demographics_age_severity_logistic,age_group,Macro-F1,young,0.1818181818181818,elder,0.26266084963722447,0.08084266781904267
mpdd_personality_severity_tfidf_logistic_phase3,financial_stress_bin,True Label Probability,mentioned_unclear,0.3496974328747081,moderate,0.43024887537983647,0.08055144250512836
mpdd_demographics_shuffled_age_severity_logistic,personality_conscientiousness_bin,Macro-F1,unknown,0.24824810348542597,low,0.32837635942852683,0.08012825594310086
mpdd_av_severity_early_fusion,age_group,Accuracy,young,0.48863636363636365,elder,0.5678160919540229,0.07917972831765929
mpdd_demographics_age_severity_logistic,personality_neuroticism_bin,Brier Score,unknown,0.624881215406189,high,0.7028528343645044,0.07797161895831539
mpdd_personality_severity_tfidf_logistic_phase3,personality_openness_bin,True Label Probability,high,0.3390971310273013,unknown,0.41699756931817433,0.07790043829087301
mpdd_personality_severity_tfidf_logistic_phase3,financial_stress_bin,Mean Confidence,high_or_severe,0.41510070927149123,none,0.4928766676587255,0.07777595838723428
mpdd_avp_severity_early_fusion_phase3,age_group,Accuracy,young,0.4909090909090909,elder,0.5678160919540229,0.07690700104493203
mpdd_avp_shuffled_personality_early_fusion,age_group,Accuracy,young,0.4909090909090909,elder,0.5678160919540229,0.07690700104493203
mpdd_av_severity_early_fusion,personality_agreeableness_bin,Calibration Gap,unknown,0.3168542901811014,low,0.39328184004490724,0.07642754986380584
mpdd_personality_counterfactual_age_swap,financial_stress_bin,True Label Probability,moderate,0.29242121981434765,unknown,0.36628535441964416,0.0738641346052965
mpdd_personality_shuffled_severity_tfidf_logistic,personality_agreeableness_bin,Calibration Gap,unknown,0.006718797883270034,low,0.07974741127298599,0.07302861338971595
mpdd_avp_severity_early_fusion_phase3,personality_agreeableness_bin,Calibration Gap,unknown,0.31666098635084794,low,0.3886618158114269,0.07200082946057895
mpdd_demographics_shuffled_age_severity_logistic,personality_agreeableness_bin,Calibration Gap,high,0.008287979140187274,unknown,0.07949102770049304,0.07120304856030577
mpdd_avp_shuffled_personality_early_fusion,personality_agreeableness_bin,Calibration Gap,unknown,0.31731873565790714,low,0.3884356060939703,0.07111687043606318
mpdd_demographics_shuffled_age_severity_logistic,personality_agreeableness_bin,Accuracy,unknown,0.3081967213114754,high,0.3785714285714286,0.0703747072599532
mpdd_personality_shuffled_severity_tfidf_logistic,personality_agreeableness_bin,Accuracy,low,0.36,unknown,0.42950819672131146,0.06950819672131148
mpdd_avp_severity_early_fusion_phase3,personality_openness_bin,Mean Confidence,mid,0.8458089647199062,high,0.9142721220401467,0.06846315732024055
mpdd_demographics_shuffled_age_severity_logistic,age_group,QWK,elder,-0.011700528203975602,young,0.05634565250227177,0.06804618070624738
mpdd_av_severity_early_fusion,personality_openness_bin,Mean Confidence,mid,0.8463692705542641,high,0.9143316220632874,0.0679623515090233
mpdd_avp_shuffled_personality_early_fusion,personality_agreeableness_bin,Mean Confidence,mid,0.8350821608828713,high,0.9029571869904188,0.06787502610754748
mpdd_demographics_shuffled_age_severity_logistic,personality_conscientiousness_bin,ECE,high,0.08474849231707765,unknown,0.15220319699344437,0.06745470467636672
mpdd_avp_shuffled_personality_early_fusion,personality_openness_bin,Mean Confidence,mid,0.8465656863468327,high,0.9139281575991077,0.06736247125227501
mpdd_av_severity_early_fusion,personality_agreeableness_bin,Mean Confidence,mid,0.8358037984289786,high,0.9031238216932538,0.06732002326427522
mpdd_personality_severity_tfidf_logistic_phase3,age_group,Ordinal MAE,elder,0.4758620689655172,young,0.5431818181818182,0.06731974921630102
mpdd_personality_counterfactual_age_swap,age_group,ECE,young,0.11244682234962404,elder,0.17944591568117793,0.06699909333155389
mpdd_personality_counterfactual_age_swap,personality_conscientiousness_bin,Ordinal MAE,low,0.7137931034482758,high,0.7807692307692308,0.06697612732095493
mpdd_avp_severity_early_fusion_phase3,personality_agreeableness_bin,Mean Confidence,mid,0.8358716763664539,high,0.9025892439163506,0.06671756754989677
mpdd_personality_shuffled_severity_tfidf_logistic,personality_openness_bin,Brier Score,unknown,0.623665474742211,high,0.6902533283948611,0.06658785365265008
mpdd_personality_counterfactual_age_swap,personality_conscientiousness_bin,Calibration Gap,mid,0.07329652454335726,high,0.13922338664879902,0.06592686210544176
mpdd_personality_counterfactual_age_swap,personality_extraversion_bin,Brier Score,mid,0.648771922558133,high,0.7140907973794143,0.06531887482128129
mpdd_personality_counterfactual_age_swap,personality_extraversion_bin,Accuracy,unknown,0.388,mid,0.4530612244897959,0.0650612244897959
mpdd_avp_severity_early_fusion_phase3,personality_agreeableness_bin,Ordinal MAE,low,0.5399999999999999,unknown,0.6032786885245902,0.06327868852459029
mpdd_personality_severity_tfidf_logistic_phase3,personality_agreeableness_bin,Brier Score,unknown,0.5490214727877776,mid,0.6119463312295943,0.06292485844181672
mpdd_personality_counterfactual_age_swap,personality_conscientiousness_bin,Brier Score,low,0.6700000511796135,high,0.7327540865184048,0.06275403533879131
mpdd_personality_counterfactual_age_swap,personality_extraversion_bin,Calibration Gap,mid,0.06987072964899871,low,0.13142145559029533,0.061550725941296625
mpdd_demographics_shuffled_age_severity_logistic,personality_extraversion_bin,ECE,unknown,0.07150196684735771,high,0.13222606090641653,0.06072409405905882
mpdd_demographics_age_severity_logistic,personality_openness_bin,Brier Score,unknown,0.6320559787158091,mid,0.6926365823849384,0.06058060366912932
mpdd_av_severity_early_fusion,personality_agreeableness_bin,Ordinal MAE,high,0.5428571428571428,unknown,0.6032786885245902,0.060421545667447396
mpdd_demographics_shuffled_age_severity_logistic,personality_openness_bin,ECE,low,0.07355610448320313,high,0.13361799256110074,0.06006188807789761
mpdd_avp_shuffled_personality_early_fusion,personality_agreeableness_bin,Ordinal MAE,low,0.5399999999999999,unknown,0.6,0.06000000000000005
mpdd_personality_severity_tfidf_logistic_phase3,personality_conscientiousness_bin,True Label Probability,low,0.3557189471065199,high,0.4156701843546129,0.05995123724809298
mpdd_demographics_shuffled_age_severity_logistic,personality_extraversion_bin,Accuracy,high,0.29230769230769227,unknown,0.35200000000000004,0.05969230769230777
mpdd_personality_shuffled_severity_tfidf_logistic,personality_agreeableness_bin,QWK,high,-0.07303813220422199,mid,-0.013541615273192264,0.059496516931029725
mpdd_personality_counterfactual_age_swap,personality_openness_bin,True Label Probability,high,0.32823296915113603,mid,0.3868962062488982,0.058663237097762166
mpdd_demographics_age_severity_logistic,financial_stress_bin,True Label Probability,mild_or_low,0.32461874429822013,moderate,0.3832617218892741,0.05864297759105397
mpdd_personality_counterfactual_age_swap,personality_conscientiousness_bin,Macro-F1,unknown,0.2578582518575757,low,0.315312608215834,0.057454356358258296
mpdd_demographics_shuffled_age_severity_logistic,personality_extraversion_bin,Calibration Gap,unknown,0.03655853812554375,high,0.0939329714678193,0.05737443334227555
mpdd_personality_shuffled_severity_tfidf_logistic,financial_stress_bin,True Label Probability,high_or_severe,0.31318976506700913,mild_or_low,0.3695837970221198,0.05639403195511067
mpdd_demographics_age_severity_logistic,personality_openness_bin,Ordinal MAE,low,0.64,high,0.696,0.05599999999999994
mpdd_demographics_shuffled_age_severity_logistic,true_severity,Macro-F1,1,0.13921957671957672,2,0.1950745950554135,0.05585501833583678
mpdd_avp_shuffled_personality_early_fusion,true_severity,Mean Confidence,2,0.8226430989162589,0,0.8784067000904937,0.055763601174234845
mpdd_avp_severity_early_fusion_phase3,true_severity,Mean Confidence,2,0.8229810196759322,0,0.8781799410615152,0.05519892138558302
mpdd_av_severity_early_fusion,true_severity,Mean Confidence,2,0.8232312694611219,0,0.8782802865177345,0.05504901705661258
mpdd_personality_counterfactual_age_swap,personality_neuroticism_bin,Macro-F1,mid,0.25754379993578486,high,0.3117221976509902,0.05417839771520533
mpdd_personality_shuffled_severity_tfidf_logistic,personality_openness_bin,ECE,unknown,0.07854782687723083,high,0.1325713967615302,0.05402356988429938
mpdd_demographics_age_severity_logistic,personality_extraversion_bin,Brier Score,high,0.6234121171270696,mid,0.6770752697667841,0.05366315263971455
mpdd_personality_shuffled_severity_tfidf_logistic,personality_extraversion_bin,Brier Score,high,0.627144023148343,low,0.6793831188911985,0.05223909574285546
mpdd_demographics_shuffled_age_severity_logistic,personality_conscientiousness_bin,Calibration Gap,low,0.034455917895156646,unknown,0.08644484180796719,0.05198892391281054
mpdd_personality_counterfactual_age_swap,personality_agreeableness_bin,Ordinal MAE,mid,0.7130434782608697,low,0.765,0.051956521739130346
mpdd_demographics_shuffled_age_severity_logistic,personality_conscientiousness_bin,Accuracy,unknown,0.3,low,0.35172413793103446,0.051724137931034475
mpdd_demographics_age_severity_logistic,personality_agreeableness_bin,Brier Score,low,0.6401263400742331,mid,0.6918391984202362,0.05171285834600314
mpdd_demographics_age_severity_logistic,age_group,Brier Score,elder,0.6319752141572117,young,0.6829596130687763,0.05098439891156459
mpdd_demographics_age_severity_logistic,true_severity,Brier Score,1,0.6387996208624596,2,0.6885880951669631,0.049788474304503505
mpdd_personality_shuffled_severity_tfidf_logistic,personality_conscientiousness_bin,Accuracy,low,0.37586206896551716,mid,0.42564102564102557,0.04977895667550841
mpdd_personality_shuffled_severity_tfidf_logistic,personality_extraversion_bin,ECE,unknown,0.06679270750305089,low,0.11650088221064903,0.04970817470759814
mpdd_personality_counterfactual_age_swap,personality_agreeableness_bin,True Label Probability,low,0.3298901803621413,mid,0.37919007943843264,0.04929989907629134
mpdd_av_severity_early_fusion,age_group,ECE,elder,0.32277432369094045,young,0.37148392801838853,0.048709604327448086
mpdd_demographics_shuffled_age_severity_logistic,age_group,Macro-F1,elder,0.2686874542944846,young,0.3166749537809256,0.04798749948644099
mpdd_demographics_age_severity_logistic,personality_agreeableness_bin,ECE,mid,0.10447526543981271,unknown,0.15216661813919868,0.04769135269938597
mpdd_personality_shuffled_severity_tfidf_logistic,personality_conscientiousness_bin,Calibration Gap,mid,0.010859032889889953,low,0.05842746879693839,0.047568435907048436
mpdd_personality_shuffled_severity_tfidf_logistic,personality_extraversion_bin,Macro-F1,high,0.27528674132907593,unknown,0.32199117007471323,0.046704428745637294
mpdd_personality_shuffled_severity_tfidf_logistic,personality_openness_bin,Macro-F1,high,0.2606860631167595,mid,0.307359507182306,0.046673444065546466
mpdd_personality_counterfactual_age_swap,personality_neuroticism_bin,True Label Probability,mid,0.3326307561229557,low,0.37875611830902933,0.04612536218607366
mpdd_personality_shuffled_severity_tfidf_logistic,personality_conscientiousness_bin,Brier Score,mid,0.6296593630958371,low,0.6756113512418274,0.04595198814599022
mpdd_avp_severity_early_fusion_phase3,age_group,ECE,elder,0.32053931311681183,young,0.36605667880859244,0.04551736569178061
mpdd_personality_shuffled_severity_tfidf_logistic,personality_conscientiousness_bin,ECE,high,0.07011300271306482,unknown,0.11487379283484811,0.04476079012178329
mpdd_avp_shuffled_personality_early_fusion,age_group,ECE,elder,0.3208863905906318,young,0.3655839218934692,0.044697531302837434
mpdd_av_severity_early_fusion,age_group,Calibration Gap,elder,0.3169761649706777,young,0.3615556896083935,0.044579524637715806
mpdd_personality_counterfactual_age_swap,age_group,Brier Score,young,0.6700660058070184,elder,0.714307625759749,0.04424161995273068
mpdd_personality_shuffled_severity_tfidf_logistic,personality_neuroticism_bin,True Label Probability,high,0.32988056845242114,unknown,0.37273096825851226,0.04285039980609112
mpdd_personality_severity_tfidf_logistic_phase3,age_group,True Label Probability,young,0.37178207752214526,elder,0.41448810079871085,0.042706023276565586
mpdd_avp_shuffled_personality_early_fusion,personality_conscientiousness_bin,Ordinal MAE,unknown,0.5461538461538462,high,0.5884615384615385,0.04230769230769227
mpdd_avp_severity_early_fusion_phase3,age_group,Calibration Gap,elder,0.31702656145021185,young,0.3591372488205122,0.042110687370300326
mpdd_personality_counterfactual_age_swap,personality_agreeableness_bin,QWK,mid,-0.06669342833316569,unknown,-0.02459721381137405,0.04209621452179164
mpdd_avp_shuffled_personality_early_fusion,age_group,Calibration Gap,elder,0.3173878790235912,young,0.35883752591116497,0.04144964688757374
mpdd_demographics_age_severity_logistic,personality_conscientiousness_bin,Brier Score,high,0.6345436608482891,low,0.6753985535994352,0.04085489275114618
mpdd_personality_counterfactual_age_swap,personality_agreeableness_bin,Macro-F1,low,0.2649033885120493,unknown,0.3046391912641313,0.039735802752081995
mpdd_demographics_age_severity_logistic,personality_neuroticism_bin,True Label Probability,high,0.3223908251762243,unknown,0.36152630321856705,0.03913547804234274
mpdd_demographics_shuffled_age_severity_logistic,personality_neuroticism_bin,Brier Score,low,0.661200528260401,high,0.698221808402292,0.03702128014189099
mpdd_personality_shuffled_severity_tfidf_logistic,personality_agreeableness_bin,Brier Score,unknown,0.6338025921582457,low,0.6700181998519971,0.03621560769375132
mpdd_avp_shuffled_personality_early_fusion,age_group,Mean Confidence,young,0.8497466168202559,elder,0.8852039709776143,0.0354573541573584
mpdd_personality_counterfactual_age_swap,personality_conscientiousness_bin,True Label Probability,high,0.3296879899501371,mid,0.3645537759178915,0.034865785967754415
mpdd_avp_severity_early_fusion_phase3,age_group,Mean Confidence,young,0.8500463397296031,elder,0.8848426534042348,0.03479631367463176
mpdd_av_severity_early_fusion,personality_conscientiousness_bin,Ordinal MAE,unknown,0.5538461538461539,high,0.5884615384615385,0.0346153846153846
mpdd_avp_severity_early_fusion_phase3,personality_conscientiousness_bin,Ordinal MAE,unknown,0.5538461538461539,high,0.5884615384615385,0.0346153846153846
mpdd_av_severity_early_fusion,age_group,Mean Confidence,young,0.8501920532447571,elder,0.8847922569247008,0.03460020367994365
mpdd_personality_counterfactual_age_swap,personality_conscientiousness_bin,Mean Confidence,unknown,0.49536989595533676,mid,0.5297067809536137,0.03433688499827692
mpdd_personality_counterfactual_age_swap,age_group,Accuracy,elder,0.39080459770114945,young,0.425,0.03419540229885054
mpdd_av_severity_early_fusion,personality_conscientiousness_bin,Mean Confidence,unknown,0.8511364901831499,high,0.885222645360459,0.034086155177309174
mpdd_personality_severity_tfidf_logistic_phase3,personality_agreeableness_bin,True Label Probability,high,0.3790409366028708,unknown,0.4125062574441557,0.033465320841284896
mpdd_avp_severity_early_fusion_phase3,personality_conscientiousness_bin,Mean Confidence,unknown,0.8515966933636016,high,0.8849758541973813,0.033379160833779786
mpdd_personality_counterfactual_age_swap,personality_extraversion_bin,True Label Probability,high,0.3410341127685554,mid,0.3743767752435088,0.03334266247495343
mpdd_avp_shuffled_personality_early_fusion,personality_conscientiousness_bin,Mean Confidence,unknown,0.8521118195524193,high,0.8852558862605914,0.03314406670817205
mpdd_personality_shuffled_severity_tfidf_logistic,personality_conscientiousness_bin,Macro-F1,low,0.2886753026372306,high,0.32109983334064707,0.03242453070341644
mpdd_demographics_shuffled_age_severity_logistic,age_group,Calibration Gap,young,0.038502809105782895,elder,0.07080621193976168,0.032303402833978784
mpdd_demographics_shuffled_age_severity_logistic,financial_stress_bin,Brier Score,mentioned_unclear,0.6486786090476816,none,0.6807547994379883,0.032076190390306736
mpdd_personality_shuffled_severity_tfidf_logistic,personality_openness_bin,True Label Probability,high,0.337108062650801,unknown,0.3690769076827742,0.03196884503197317
mpdd_demographics_shuffled_age_severity_logistic,personality_openness_bin,Brier Score,mid,0.6637811915374501,high,0.6955985837212993,0.03181739218384927
mpdd_personality_counterfactual_age_swap,financial_stress_bin,Mean Confidence,mild_or_low,0.49555238979048644,unknown,0.5273530794137351,0.03180068962324867
mpdd_demographics_age_severity_logistic,personality_openness_bin,True Label Probability,mid,0.32638227857592716,unknown,0.357936585343016,0.03155430676708881
mpdd_personality_severity_tfidf_logistic_phase3,personality_extraversion_bin,Mean Confidence,low,0.4502770080181512,high,0.481227578534729,0.03095057051657779
mpdd_personality_severity_tfidf_logistic_phase3,age_group,Macro-F1,elder,0.3341623026022003,young,0.36468123774446326,0.03051893514226295
mpdd_demographics_shuffled_age_severity_logistic,age_group,Accuracy,elder,0.31724137931034485,young,0.3477272727272728,0.030485893416927923
mpdd_personality_counterfactual_age_swap,age_group,Mean Confidence,elder,0.4996372578171818,young,0.530119171195157,0.030481913377975123
mpdd_personality_shuffled_severity_tfidf_logistic,personality_agreeableness_bin,Macro-F1,mid,0.2745168381693466,low,0.30455283380979975,0.030035995640453172
mpdd_demographics_shuffled_age_severity_logistic,personality_agreeableness_bin,ECE,high,0.07486072746564501,mid,0.10457810634675532,0.029717378881110312
mpdd_personality_counterfactual_age_swap,age_group,True Label Probability,elder,0.33778235143812185,young,0.365612429455788,0.027830078017666127
mpdd_personality_shuffled_severity_tfidf_logistic,personality_extraversion_bin,True Label Probability,low,0.3404505750380592,high,0.3682364767534689,0.027785901715409678
mpdd_personality_severity_tfidf_logistic_phase3,personality_conscientiousness_bin,Mean Confidence,low,0.4488138170272927,high,0.47657284139902245,0.027759024371729724
mpdd_personality_counterfactual_age_swap,personality_agreeableness_bin,Mean Confidence,unknown,0.5002087584197985,mid,0.5279263965369869,0.027717638117188415
mpdd_personality_shuffled_severity_tfidf_logistic,age_group,Brier Score,elder,0.6370226220853447,young,0.6642854263500443,0.027262804264699625
mpdd_demographics_age_severity_logistic,personality_extraversion_bin,True Label Probability,mid,0.33425520411614534,high,0.3613636497577192,0.02710844564157383
mpdd_personality_counterfactual_age_swap,age_group,Ordinal MAE,young,0.7272727272727273,elder,0.7540229885057471,0.026750261233019823
mpdd_demographics_age_severity_logistic,age_group,True Label Probability,young,0.3310830548646472,elder,0.3578312564011584,0.02674820153651125
mpdd_avp_severity_early_fusion_phase3,personality_extraversion_bin,Mean Confidence,mid,0.8542575048621689,low,0.8805128965460922,0.026255391683923324
mpdd_avp_shuffled_personality_early_fusion,personality_extraversion_bin,Mean Confidence,mid,0.8541477200627925,low,0.8803127457908827,0.026165025728090208
mpdd_av_severity_early_fusion,personality_extraversion_bin,Mean Confidence,mid,0.8543564651934549,low,0.8805077678541002,0.02615130266064536
mpdd_demographics_age_severity_logistic,personality_agreeableness_bin,True Label Probability,mid,0.3268027717670877,low,0.35262688344603477,0.025824111678947048
mpdd_personality_shuffled_severity_tfidf_logistic,age_group,Accuracy,young,0.38863636363636367,elder,0.4137931034482759,0.025156739811912243
mpdd_personality_counterfactual_age_swap,personality_extraversion_bin,Mean Confidence,unknown,0.4983017465006959,low,0.5234214555902954,0.025119709089599485
mpdd_demographics_age_severity_logistic,true_severity,True Label Probability,2,0.3289463289503628,1,0.3536620530788335,0.02471572412847073
mpdd_personality_severity_tfidf_logistic_phase3,personality_agreeableness_bin,Mean Confidence,mid,0.4543733483895438,unknown,0.4785716779092346,0.02419832951969081
mpdd_personality_severity_tfidf_logistic_phase3,personality_neuroticism_bin,Mean Confidence,mid,0.4550271929402667,unknown,0.47888351843193105,0.023856325491664332
mpdd_personality_shuffled_severity_tfidf_logistic,personality_conscientiousness_bin,True Label Probability,low,0.34262185286054064,mid,0.3658334212081245,0.023211568347583866
mpdd_personality_counterfactual_age_swap,personality_neuroticism_bin,Mean Confidence,unknown,0.5003095026646578,mid,0.5229840582312495,0.022674555566591703
mpdd_personality_counterfactual_age_swap,personality_openness_bin,Mean Confidence,unknown,0.5005879973122875,low,0.522612306658797,0.022024309346509452
mpdd_personality_severity_tfidf_logistic_phase3,age_group,Mean Confidence,young,0.4536621881217059,elder,0.47556318022897415,0.021900992107268258
mpdd_personality_shuffled_severity_tfidf_logistic,age_group,Calibration Gap,elder,0.02434643154330045,young,0.04592249157661821,0.021576060033317756
mpdd_demographics_age_severity_logistic,personality_conscientiousness_bin,True Label Probability,low,0.334874417327077,high,0.35630633844656934,0.021431921119492325
mpdd_personality_severity_tfidf_logistic_phase3,personality_openness_bin,Mean Confidence,high,0.4547404186425806,unknown,0.47492759958256175,0.020187180939981175
mpdd_demographics_age_severity_logistic,financial_stress_bin,Mean Confidence,moderate,0.3960245802777703,unknown,0.4161901945077684,0.020165614229998075
mpdd_personality_shuffled_severity_tfidf_logistic,age_group,Ordinal MAE,young,0.7522727272727272,elder,0.7724137931034483,0.02014106583072106
mpdd_demographics_age_severity_logistic,age_group,Mean Confidence,elder,0.39834242652939433,young,0.4174365044798643,0.019094077950469968
mpdd_personality_counterfactual_age_swap,personality_openness_bin,Macro-F1,mid,0.2817451235813474,high,0.3007139483610072,0.018968824779659776
mpdd_demographics_shuffled_age_severity_logistic,true_severity,Brier Score,2,0.6617192625675548,1,0.6805995261688705,0.018880263601315783
mpdd_demographics_shuffled_age_severity_logistic,financial_stress_bin,True Label Probability,none,0.33097632565753765,mentioned_unclear,0.3485671001933327,0.01759077453579505
mpdd_personality_severity_tfidf_logistic_phase3,true_severity,Mean Confidence,1,0.4531142539793394,0,0.4706377561277428,0.01752350214840337
mpdd_demographics_shuffled_age_severity_logistic,personality_neuroticism_bin,True Label Probability,high,0.32317692058696873,low,0.34062077682733255,0.01744385624036382
mpdd_personality_shuffled_severity_tfidf_logistic,personality_agreeableness_bin,True Label Probability,low,0.3462986970117327,unknown,0.3637017973456629,0.017403100333930166
mpdd_avp_severity_early_fusion_phase3,personality_neuroticism_bin,Mean Confidence,low,0.8568019525011698,mid,0.8736017484389874,0.016799795937817663
mpdd_demographics_age_severity_logistic,personality_conscientiousness_bin,Mean Confidence,unknown,0.39989490080526713,low,0.41645335464407457,0.01655845383880744
mpdd_avp_shuffled_personality_early_fusion,personality_neuroticism_bin,Mean Confidence,low,0.8570626593192703,unknown,0.8733408568376732,0.01627819751840287
mpdd_av_severity_early_fusion,personality_neuroticism_bin,Mean Confidence,low,0.857236096432513,mid,0.8733795006951144,0.016143404262601413
mpdd_demographics_shuffled_age_severity_logistic,personality_agreeableness_bin,Brier Score,high,0.6609228757302084,unknown,0.6769861927965288,0.01606331706632047
mpdd_demographics_age_severity_logistic,personality_agreeableness_bin,Mean Confidence,unknown,0.40058944150513626,mid,0.416150471143518,0.01556102963838174
mpdd_personality_shuffled_severity_tfidf_logistic,financial_stress_bin,Mean Confidence,mentioned_unclear,0.4260679091411778,mild_or_low,0.44161606022029665,0.015548151079118833
mpdd_demographics_age_severity_logistic,personality_extraversion_bin,Mean Confidence,unknown,0.3986090306340373,mid,0.41398053440081395,0.01537150376677665
mpdd_demographics_shuffled_age_severity_logistic,personality_openness_bin,True Label Probability,high,0.3238068529507065,mid,0.33908793843820345,0.01528108548749696
mpdd_demographics_shuffled_age_severity_logistic,age_group,ECE,young,0.07916706646823926,elder,0.09436473429898887,0.015197667830749606
mpdd_personality_shuffled_severity_tfidf_logistic,age_group,True Label Probability,young,0.34821574058974825,elder,0.3627526824577588,0.014536941868010578
mpdd_demographics_age_severity_logistic,personality_openness_bin,Mean Confidence,unknown,0.39944347889539683,mid,0.41358465269843503,0.014141173803038198
mpdd_demographics_shuffled_age_severity_logistic,personality_conscientiousness_bin,Brier Score,low,0.6690561780996386,unknown,0.682947087753788,0.013890909654149408
mpdd_demographics_age_severity_logistic,personality_neuroticism_bin,Mean Confidence,unknown,0.3998051520421883,low,0.4130489443234636,0.013243792281275313
mpdd_demographics_shuffled_age_severity_logistic,personality_extraversion_bin,Brier Score,unknown,0.6671113963102062,high,0.6791364569487822,0.012025060638576002
mpdd_demographics_shuffled_age_severity_logistic,financial_stress_bin,Mean Confidence,moderate,0.3821440752720661,mentioned_unclear,0.39345813380823613,0.011314058536170013
mpdd_personality_shuffled_severity_tfidf_logistic,age_group,ECE,elder,0.048710818000382884,young,0.05911284555073565,0.010402027550352765
mpdd_demographics_shuffled_age_severity_logistic,true_severity,True Label Probability,1,0.33080958900611546,2,0.3400077957883173,0.009198206782201845
mpdd_personality_counterfactual_age_swap,age_group,Macro-F1,young,0.29155381321803664,elder,0.3005393849081533,0.008985571690116656
mpdd_demographics_shuffled_age_severity_logistic,personality_agreeableness_bin,True Label Probability,unknown,0.33275712784295475,high,0.34136095613697603,0.008603828294021287
mpdd_personality_shuffled_severity_tfidf_logistic,age_group,Macro-F1,young,0.2950309406397036,elder,0.3035701969977899,0.008539256358086333
mpdd_personality_shuffled_severity_tfidf_logistic,age_group,QWK,elder,-0.04305556295632411,young,-0.03528147474151846,0.007774088214805651
mpdd_demographics_shuffled_age_severity_logistic,personality_conscientiousness_bin,True Label Probability,unknown,0.32981426781615025,low,0.3365608981964033,0.006746630380253027
mpdd_personality_shuffled_severity_tfidf_logistic,true_severity,Mean Confidence,2,0.43181097501678245,1,0.43832397012731245,0.0065129951105299955
mpdd_personality_counterfactual_age_swap,age_group,QWK,young,-0.028272274470218784,elder,-0.02201234625369437,0.006259928216524414
mpdd_demographics_shuffled_age_severity_logistic,personality_extraversion_bin,True Label Probability,high,0.33184183777028203,unknown,0.3380110050509499,0.006169167280667853
mpdd_personality_shuffled_severity_tfidf_logistic,personality_agreeableness_bin,Mean Confidence,mid,0.4336615028733416,low,0.439747411272986,0.006085908399644402
mpdd_personality_shuffled_severity_tfidf_logistic,personality_extraversion_bin,Mean Confidence,low,0.4341150721883592,high,0.43983027531018937,0.005715203121830159
mpdd_personality_shuffled_severity_tfidf_logistic,personality_conscientiousness_bin,Mean Confidence,low,0.4342895377624556,high,0.43905116981922776,0.004761632056772158
mpdd_demographics_shuffled_age_severity_logistic,personality_openness_bin,Mean Confidence,mid,0.38523375147041805,high,0.38961799256110063,0.0043842410906825835
mpdd_personality_counterfactual_age_swap,true_severity,Mean Confidence,0,0.5133707757876771,1,0.5177365888671371,0.004365813079460046
mpdd_demographics_shuffled_age_severity_logistic,personality_neuroticism_bin,Mean Confidence,unknown,0.385982364203309,high,0.39026074616284634,0.004278381959537336
mpdd_avp_severity_early_fusion_phase3,age_group,Ordinal MAE,young,0.5704545454545455,elder,0.5747126436781609,0.004258098223615336
mpdd_personality_shuffled_severity_tfidf_logistic,personality_openness_bin,Mean Confidence,mid,0.43528218620231457,high,0.4393965999181756,0.0041144137158610206
mpdd_demographics_age_severity_logistic,true_severity,Mean Confidence,0,0.40633731667933287,1,0.41039100481529384,0.0040536881359609644
mpdd_personality_shuffled_severity_tfidf_logistic,personality_neuroticism_bin,Mean Confidence,mid,0.434253129024672,high,0.43803041229700135,0.003777283272329346
mpdd_personality_counterfactual_age_swap,age_group,Calibration Gap,young,0.10511917119515686,elder,0.10883266011603246,0.003713488920875599
mpdd_personality_shuffled_severity_tfidf_logistic,age_group,Mean Confidence,young,0.4345588552129819,elder,0.4381395349915763,0.003580679778594442
mpdd_demographics_shuffled_age_severity_logistic,age_group,Brier Score,young,0.6701075533241333,elder,0.6736377902667705,0.0035302369426372104
mpdd_demographics_shuffled_age_severity_logistic,personality_conscientiousness_bin,Mean Confidence,mid,0.3860848673805339,high,0.3893282439865596,0.003243376606025694
mpdd_demographics_shuffled_age_severity_logistic,true_severity,Mean Confidence,2,0.38502600149467475,1,0.387763045315295,0.002737043820620233
mpdd_demographics_shuffled_age_severity_logistic,personality_extraversion_bin,Mean Confidence,low,0.3862277098169059,unknown,0.38855853812554375,0.0023308283086378445
mpdd_av_severity_early_fusion,age_group,Ordinal MAE,young,0.5727272727272728,elder,0.5747126436781609,0.0019853709508881323
mpdd_avp_shuffled_personality_early_fusion,age_group,Ordinal MAE,young,0.5704545454545455,elder,0.5724137931034482,0.001959247648902651
mpdd_demographics_shuffled_age_severity_logistic,age_group,Mean Confidence,young,0.3862300818330556,elder,0.38804759125010657,0.0018175094170509443
mpdd_demographics_shuffled_age_severity_logistic,age_group,True Label Probability,elder,0.33457924045097587,young,0.3358556987728424,0.0012764583218665138
mpdd_demographics_shuffled_age_severity_logistic,personality_agreeableness_bin,Mean Confidence,mid,0.386814619858556,unknown,0.38768774901196845,0.0008731291534124774
mpdd_av_severity_early_fusion,true_severity,QWK,0,0.0,2,0.0,0.0
mpdd_avp_severity_early_fusion_phase3,true_severity,QWK,0,0.0,2,0.0,0.0
mpdd_avp_shuffled_personality_early_fusion,true_severity,QWK,0,0.0,2,0.0,0.0
mpdd_demographics_age_severity_logistic,true_severity,QWK,0,0.0,2,0.0,0.0
mpdd_demographics_shuffled_age_severity_logistic,true_severity,QWK,0,0.0,2,0.0,0.0
mpdd_personality_counterfactual_age_swap,true_severity,QWK,0,0.0,2,0.0,0.0
mpdd_personality_severity_tfidf_logistic_phase3,true_severity,QWK,0,0.0,2,0.0,0.0
mpdd_personality_shuffled_severity_tfidf_logistic,true_severity,QWK,0,0.0,2,0.0,0.0
