run_id,dataset,modality,task,model,protocol_type,train_task,eval_task,task_type,metric,mean,std,ci95_low,ci95_high,seed_count,sample_count_mean
modma_binary_egemaps_task_transfer,MODMA,Audio,task-transfer binary depression classification,eGeMAPS + fixed logistic regression,task_specific,affective_task,affective_task,binary_classification,AUPRC,0.7355961523838702,0.0,0.5509991451534993,0.894677739639676,5,52.0
modma_binary_egemaps_task_transfer,MODMA,Audio,task-transfer binary depression classification,eGeMAPS + fixed logistic regression,cross_task,affective_task,interview,binary_classification,AUPRC,0.5702177531168571,0.0,0.38485243972749117,0.7808228032548322,5,52.0
modma_binary_egemaps_task_transfer,MODMA,Audio,task-transfer binary depression classification,eGeMAPS + fixed logistic regression,cross_task,affective_task,picture_description,binary_classification,AUPRC,0.5173403326935024,0.0,0.348310685299694,0.7212209493811021,5,52.0
modma_binary_egemaps_task_transfer,MODMA,Audio,task-transfer binary depression classification,eGeMAPS + fixed logistic regression,cross_task,affective_task,reading,binary_classification,AUPRC,0.5739378260067136,0.0,0.401506381339674,0.77402009634455,5,52.0
modma_binary_egemaps_task_transfer,MODMA,Audio,task-transfer binary depression classification,eGeMAPS + fixed logistic regression,cross_task,interview,affective_task,binary_classification,AUPRC,0.563724422285724,0.0,0.409262202921551,0.7397826269730866,5,52.0
modma_binary_egemaps_task_transfer,MODMA,Audio,task-transfer binary depression classification,eGeMAPS + fixed logistic regression,task_specific,interview,interview,binary_classification,AUPRC,0.6630068634711903,0.0,0.43947799674675847,0.7974750038088709,5,52.0
modma_binary_egemaps_task_transfer,MODMA,Audio,task-transfer binary depression classification,eGeMAPS + fixed logistic regression,cross_task,interview,picture_description,binary_classification,AUPRC,0.5497948556339235,0.0,0.3521797000885618,0.7092220461664767,5,52.0
modma_binary_egemaps_task_transfer,MODMA,Audio,task-transfer binary depression classification,eGeMAPS + fixed logistic regression,cross_task,interview,reading,binary_classification,AUPRC,0.6482444962835294,0.0,0.4310258731225828,0.7809517786250089,5,52.0
modma_binary_egemaps_task_transfer,MODMA,Audio,task-transfer binary depression classification,eGeMAPS + fixed logistic regression,cross_task,picture_description,affective_task,binary_classification,AUPRC,0.5943336480043468,0.0,0.3967522778180811,0.8139762040405486,5,52.0
modma_binary_egemaps_task_transfer,MODMA,Audio,task-transfer binary depression classification,eGeMAPS + fixed logistic regression,cross_task,picture_description,interview,binary_classification,AUPRC,0.6855398775491018,0.0,0.44638985056573943,0.833261206621399,5,52.0
modma_binary_egemaps_task_transfer,MODMA,Audio,task-transfer binary depression classification,eGeMAPS + fixed logistic regression,task_specific,picture_description,picture_description,binary_classification,AUPRC,0.7142323575014117,0.0,0.5189824576042958,0.8601551076875065,5,52.0
modma_binary_egemaps_task_transfer,MODMA,Audio,task-transfer binary depression classification,eGeMAPS + fixed logistic regression,cross_task,picture_description,reading,binary_classification,AUPRC,0.57749714674227,0.0,0.3582737601812563,0.7596123415127022,5,52.0
modma_binary_egemaps_task_transfer,MODMA,Audio,task-transfer binary depression classification,eGeMAPS + fixed logistic regression,cross_task,reading,affective_task,binary_classification,AUPRC,0.6321653590086707,0.0,0.44713741457358014,0.8064534150371852,5,52.0
modma_binary_egemaps_task_transfer,MODMA,Audio,task-transfer binary depression classification,eGeMAPS + fixed logistic regression,cross_task,reading,interview,binary_classification,AUPRC,0.5145131843548728,0.0,0.3252996629786573,0.6992432134128429,5,52.0
modma_binary_egemaps_task_transfer,MODMA,Audio,task-transfer binary depression classification,eGeMAPS + fixed logistic regression,cross_task,reading,picture_description,binary_classification,AUPRC,0.5105759714718531,0.0,0.32546274836545575,0.7247089150667909,5,52.0
modma_binary_egemaps_task_transfer,MODMA,Audio,task-transfer binary depression classification,eGeMAPS + fixed logistic regression,task_specific,reading,reading,binary_classification,AUPRC,0.6110636744939814,0.0,0.39965949006170187,0.7906823195126339,5,52.0
modma_binary_egemaps_task_transfer,MODMA,Audio,task-transfer binary depression classification,eGeMAPS + fixed logistic regression,task_specific,affective_task,affective_task,binary_classification,AUROC,0.7781109445277361,0.0,0.6264814814814815,0.8981182186684435,5,52.0
modma_binary_egemaps_task_transfer,MODMA,Audio,task-transfer binary depression classification,eGeMAPS + fixed logistic regression,cross_task,affective_task,interview,binary_classification,AUROC,0.6341829085457271,0.0,0.4757132290786137,0.7902486555765179,5,52.0
modma_binary_egemaps_task_transfer,MODMA,Audio,task-transfer binary depression classification,eGeMAPS + fixed logistic regression,cross_task,affective_task,picture_description,binary_classification,AUROC,0.5397301349325337,0.0,0.3624116161616162,0.6800116543290855,5,52.0
modma_binary_egemaps_task_transfer,MODMA,Audio,task-transfer binary depression classification,eGeMAPS + fixed logistic regression,cross_task,affective_task,reading,binary_classification,AUROC,0.5967016491754122,0.0,0.425015625,0.7681184495329233,5,52.0
modma_binary_egemaps_task_transfer,MODMA,Audio,task-transfer binary depression classification,eGeMAPS + fixed logistic regression,cross_task,interview,affective_task,binary_classification,AUROC,0.6191904047976012,0.0,0.48489173789173795,0.7703764784274529,5,52.0
modma_binary_egemaps_task_transfer,MODMA,Audio,task-transfer binary depression classification,eGeMAPS + fixed logistic regression,task_specific,interview,interview,binary_classification,AUROC,0.6131934032983508,0.0,0.4332458770614693,0.7751064814814815,5,52.0
modma_binary_egemaps_task_transfer,MODMA,Audio,task-transfer binary depression classification,eGeMAPS + fixed logistic regression,cross_task,interview,picture_description,binary_classification,AUROC,0.5067466266866567,0.0,0.3279803457646177,0.6453255208333333,5,52.0
modma_binary_egemaps_task_transfer,MODMA,Audio,task-transfer binary depression classification,eGeMAPS + fixed logistic regression,cross_task,interview,reading,binary_classification,AUROC,0.6116941529235382,0.0,0.43907575757575756,0.7660056638347493,5,52.0
modma_binary_egemaps_task_transfer,MODMA,Audio,task-transfer binary depression classification,eGeMAPS + fixed logistic regression,cross_task,picture_description,affective_task,binary_classification,AUROC,0.6401799100449775,0.0,0.46762499432102134,0.792198480702765,5,52.0
modma_binary_egemaps_task_transfer,MODMA,Audio,task-transfer binary depression classification,eGeMAPS + fixed logistic regression,cross_task,picture_description,interview,binary_classification,AUROC,0.6821589205397302,0.0,0.5306607113110111,0.8188959426536732,5,52.0
modma_binary_egemaps_task_transfer,MODMA,Audio,task-transfer binary depression classification,eGeMAPS + fixed logistic regression,task_specific,picture_description,picture_description,binary_classification,AUROC,0.7136431784107946,0.0,0.5845699419197964,0.8453515625,5,52.0
modma_binary_egemaps_task_transfer,MODMA,Audio,task-transfer binary depression classification,eGeMAPS + fixed logistic regression,cross_task,picture_description,reading,binary_classification,AUROC,0.6056971514242878,0.0,0.44437799043062204,0.7426296296296298,5,52.0
modma_binary_egemaps_task_transfer,MODMA,Audio,task-transfer binary depression classification,eGeMAPS + fixed logistic regression,cross_task,reading,affective_task,binary_classification,AUROC,0.7076461769115442,0.0,0.5635024170958707,0.8372439236111111,5,52.0
modma_binary_egemaps_task_transfer,MODMA,Audio,task-transfer binary depression classification,eGeMAPS + fixed logistic regression,cross_task,reading,interview,binary_classification,AUROC,0.5592203898050975,0.0,0.3916282642089094,0.709541791604198,5,52.0
modma_binary_egemaps_task_transfer,MODMA,Audio,task-transfer binary depression classification,eGeMAPS + fixed logistic regression,cross_task,reading,picture_description,binary_classification,AUROC,0.5142428785607196,0.0,0.35453367003367003,0.6739685457516341,5,52.0
modma_binary_egemaps_task_transfer,MODMA,Audio,task-transfer binary depression classification,eGeMAPS + fixed logistic regression,task_specific,reading,reading,binary_classification,AUROC,0.631184407796102,0.0,0.4428358585858586,0.7573640552995392,5,52.0
modma_binary_egemaps_task_transfer,MODMA,Audio,task-transfer binary depression classification,eGeMAPS + fixed logistic regression,task_specific,affective_task,affective_task,binary_classification,Balanced Accuracy,0.7226386806596702,0.0,0.5850149234138691,0.8396316964285715,5,52.0
modma_binary_egemaps_task_transfer,MODMA,Audio,task-transfer binary depression classification,eGeMAPS + fixed logistic regression,cross_task,affective_task,interview,binary_classification,Balanced Accuracy,0.6319340329835083,0.0,0.5048483822604827,0.7691320903361346,5,52.0
modma_binary_egemaps_task_transfer,MODMA,Audio,task-transfer binary depression classification,eGeMAPS + fixed logistic regression,cross_task,affective_task,picture_description,binary_classification,Balanced Accuracy,0.47676161919040483,0.0,0.3269230769230769,0.6023356374807988,5,52.0
modma_binary_egemaps_task_transfer,MODMA,Audio,task-transfer binary depression classification,eGeMAPS + fixed logistic regression,cross_task,affective_task,reading,binary_classification,Balanced Accuracy,0.5232383808095952,0.0,0.4093333333333334,0.6459374999999999,5,52.0
modma_binary_egemaps_task_transfer,MODMA,Audio,task-transfer binary depression classification,eGeMAPS + fixed logistic regression,cross_task,interview,affective_task,binary_classification,Balanced Accuracy,0.5674662668665668,0.0,0.45544238249538826,0.7054911269855269,5,52.0
modma_binary_egemaps_task_transfer,MODMA,Audio,task-transfer binary depression classification,eGeMAPS + fixed logistic regression,task_specific,interview,interview,binary_classification,Balanced Accuracy,0.6011994002998501,0.0,0.4614772727272728,0.7183124062968516,5,52.0
modma_binary_egemaps_task_transfer,MODMA,Audio,task-transfer binary depression classification,eGeMAPS + fixed logistic regression,cross_task,interview,picture_description,binary_classification,Balanced Accuracy,0.4640179910044978,5.551115123125783e-17,0.34951221113445374,0.5932330659536542,5,52.0
modma_binary_egemaps_task_transfer,MODMA,Audio,task-transfer binary depression classification,eGeMAPS + fixed logistic regression,cross_task,interview,reading,binary_classification,Balanced Accuracy,0.553223388305847,0.0,0.43018293534422564,0.6492146426786607,5,52.0
modma_binary_egemaps_task_transfer,MODMA,Audio,task-transfer binary depression classification,eGeMAPS + fixed logistic regression,cross_task,picture_description,affective_task,binary_classification,Balanced Accuracy,0.5547226386806596,0.0,0.4201086956521739,0.6918906380143263,5,52.0
modma_binary_egemaps_task_transfer,MODMA,Audio,task-transfer binary depression classification,eGeMAPS + fixed logistic regression,cross_task,picture_description,interview,binary_classification,Balanced Accuracy,0.5554722638680659,0.0,0.4522433035714285,0.6428968253968254,5,52.0
modma_binary_egemaps_task_transfer,MODMA,Audio,task-transfer binary depression classification,eGeMAPS + fixed logistic regression,task_specific,picture_description,picture_description,binary_classification,Balanced Accuracy,0.6274362818590704,0.0,0.5,0.7489036731634182,5,52.0
modma_binary_egemaps_task_transfer,MODMA,Audio,task-transfer binary depression classification,eGeMAPS + fixed logistic regression,cross_task,picture_description,reading,binary_classification,Balanced Accuracy,0.5119940029985007,0.0,0.4075579322638146,0.6403976608187134,5,52.0
modma_binary_egemaps_task_transfer,MODMA,Audio,task-transfer binary depression classification,eGeMAPS + fixed logistic regression,cross_task,reading,affective_task,binary_classification,Balanced Accuracy,0.618440779610195,0.0,0.4968232323232324,0.7531956845238096,5,52.0
modma_binary_egemaps_task_transfer,MODMA,Audio,task-transfer binary depression classification,eGeMAPS + fixed logistic regression,cross_task,reading,interview,binary_classification,Balanced Accuracy,0.5494752623688156,0.0,0.3985681533378902,0.6765763888888889,5,52.0
modma_binary_egemaps_task_transfer,MODMA,Audio,task-transfer binary depression classification,eGeMAPS + fixed logistic regression,cross_task,reading,picture_description,binary_classification,Balanced Accuracy,0.5667166416791605,0.0,0.4327195472783708,0.7009365852787892,5,52.0
modma_binary_egemaps_task_transfer,MODMA,Audio,task-transfer binary depression classification,eGeMAPS + fixed logistic regression,task_specific,reading,reading,binary_classification,Balanced Accuracy,0.6356821589205397,0.0,0.49981060606060607,0.7468787202380952,5,52.0
modma_binary_egemaps_task_transfer,MODMA,Audio,task-transfer binary depression classification,eGeMAPS + fixed logistic regression,task_specific,affective_task,affective_task,binary_classification,Macro-F1,0.7242424242424244,0.0,0.574275412087912,0.8427738927738929,5,52.0
modma_binary_egemaps_task_transfer,MODMA,Audio,task-transfer binary depression classification,eGeMAPS + fixed logistic regression,cross_task,affective_task,interview,binary_classification,Macro-F1,0.6312056737588652,0.0,0.5018525051632012,0.7636363636363637,5,52.0
modma_binary_egemaps_task_transfer,MODMA,Audio,task-transfer binary depression classification,eGeMAPS + fixed logistic regression,cross_task,affective_task,picture_description,binary_classification,Macro-F1,0.45833333333333337,0.0,0.3035714285714286,0.5948051948051949,5,52.0
modma_binary_egemaps_task_transfer,MODMA,Audio,task-transfer binary depression classification,eGeMAPS + fixed logistic regression,cross_task,affective_task,reading,binary_classification,Macro-F1,0.5207373271889401,0.0,0.390625,0.634754565634144,5,52.0
modma_binary_egemaps_task_transfer,MODMA,Audio,task-transfer binary depression classification,eGeMAPS + fixed logistic regression,cross_task,interview,affective_task,binary_classification,Macro-F1,0.557528671846097,0.0,0.4404452690166975,0.6882139287499107,5,52.0
modma_binary_egemaps_task_transfer,MODMA,Audio,task-transfer binary depression classification,eGeMAPS + fixed logistic regression,task_specific,interview,interview,binary_classification,Macro-F1,0.6006144393241168,0.0,0.45624696441769597,0.7204301075268817,5,52.0
modma_binary_egemaps_task_transfer,MODMA,Audio,task-transfer binary depression classification,eGeMAPS + fixed logistic regression,cross_task,interview,picture_description,binary_classification,Macro-F1,0.432015065913371,0.0,0.3064587706146926,0.5537425409783897,5,52.0
modma_binary_egemaps_task_transfer,MODMA,Audio,task-transfer binary depression classification,eGeMAPS + fixed logistic regression,cross_task,interview,reading,binary_classification,Macro-F1,0.543859649122807,0.0,0.4006908724530295,0.6458214497920381,5,52.0
modma_binary_egemaps_task_transfer,MODMA,Audio,task-transfer binary depression classification,eGeMAPS + fixed logistic regression,cross_task,picture_description,affective_task,binary_classification,Macro-F1,0.5357142857142858,0.0,0.3808363675305204,0.6700993752949215,5,52.0
modma_binary_egemaps_task_transfer,MODMA,Audio,task-transfer binary depression classification,eGeMAPS + fixed logistic regression,cross_task,picture_description,interview,binary_classification,Macro-F1,0.4871794871794871,0.0,0.3436174636174636,0.6067226890756303,5,52.0
modma_binary_egemaps_task_transfer,MODMA,Audio,task-transfer binary depression classification,eGeMAPS + fixed logistic regression,task_specific,picture_description,picture_description,binary_classification,Macro-F1,0.6278719397363466,0.0,0.49325337331334335,0.7454430884278854,5,52.0
modma_binary_egemaps_task_transfer,MODMA,Audio,task-transfer binary depression classification,eGeMAPS + fixed logistic regression,cross_task,picture_description,reading,binary_classification,Macro-F1,0.4564459930313589,0.0,0.31437279307909605,0.5836828059473884,5,52.0
modma_binary_egemaps_task_transfer,MODMA,Audio,task-transfer binary depression classification,eGeMAPS + fixed logistic regression,cross_task,reading,affective_task,binary_classification,Macro-F1,0.6174990321331785,0.0,0.4755363707983193,0.7499397267257542,5,52.0
modma_binary_egemaps_task_transfer,MODMA,Audio,task-transfer binary depression classification,eGeMAPS + fixed logistic regression,cross_task,reading,interview,binary_classification,Macro-F1,0.5495291902071563,0.0,0.3928148538115652,0.6720094281280264,5,52.0
modma_binary_egemaps_task_transfer,MODMA,Audio,task-transfer binary depression classification,eGeMAPS + fixed logistic regression,cross_task,reading,picture_description,binary_classification,Macro-F1,0.5666666666666667,0.0,0.43176159827255345,0.702630575676706,5,52.0
modma_binary_egemaps_task_transfer,MODMA,Audio,task-transfer binary depression classification,eGeMAPS + fixed logistic regression,task_specific,reading,reading,binary_classification,Macro-F1,0.634375,0.0,0.48701996927803376,0.7476670399402762,5,52.0
