seed,train_task,eval_task,metric,within_value,cross_value,drop,drop_ci95_low,drop_ci95_high
0,interview,affective_task,AUPRC,0.7355961523838702,0.563724422285724,0.17187173009814627,0.01718776621732377,0.3060244819205368
1,interview,affective_task,AUPRC,0.7355961523838702,0.563724422285724,0.17187173009814627,-0.0030799336996703143,0.2985992514422412
2,interview,affective_task,AUPRC,0.7355961523838702,0.563724422285724,0.17187173009814627,0.004873053697116051,0.2907762588935015
3,interview,affective_task,AUPRC,0.7355961523838702,0.563724422285724,0.17187173009814627,-0.0022320511190634814,0.3322341746541203
4,interview,affective_task,AUPRC,0.7355961523838702,0.563724422285724,0.17187173009814627,0.02381634704329607,0.3309732694213961
0,picture_description,affective_task,AUPRC,0.7355961523838702,0.5943336480043468,0.14126250437952337,-0.09565841150537217,0.30580435317988935
1,picture_description,affective_task,AUPRC,0.7355961523838702,0.5943336480043468,0.14126250437952337,-0.11278701205449163,0.3155689584018026
2,picture_description,affective_task,AUPRC,0.7355961523838702,0.5943336480043468,0.14126250437952337,-0.06582192285094338,0.3061013479952197
3,picture_description,affective_task,AUPRC,0.7355961523838702,0.5943336480043468,0.14126250437952337,-0.08705856635972847,0.3382561367444009
4,picture_description,affective_task,AUPRC,0.7355961523838702,0.5943336480043468,0.14126250437952337,-0.06821162746140516,0.33973987705111913
0,reading,affective_task,AUPRC,0.7355961523838702,0.6321653590086707,0.10343079337519956,-0.0743157556346677,0.2608730061836891
1,reading,affective_task,AUPRC,0.7355961523838702,0.6321653590086707,0.10343079337519956,-0.06693488712471515,0.28039441568116824
2,reading,affective_task,AUPRC,0.7355961523838702,0.6321653590086707,0.10343079337519956,-0.08995148169180711,0.26143953684184557
3,reading,affective_task,AUPRC,0.7355961523838702,0.6321653590086707,0.10343079337519956,-0.07405470376340038,0.2858686204808364
4,reading,affective_task,AUPRC,0.7355961523838702,0.6321653590086707,0.10343079337519956,-0.05153868793581151,0.2959667747116588
0,affective_task,interview,AUPRC,0.6630068634711903,0.5702177531168571,0.09278911035433324,-0.12365415302490458,0.24556334983878594
1,affective_task,interview,AUPRC,0.6630068634711903,0.5702177531168571,0.09278911035433324,-0.09140448889980314,0.2334383109917703
2,affective_task,interview,AUPRC,0.6630068634711903,0.5702177531168571,0.09278911035433324,-0.10501222385905262,0.25540347124236984
3,affective_task,interview,AUPRC,0.6630068634711903,0.5702177531168571,0.09278911035433324,-0.1303581135834793,0.2243469173772701
4,affective_task,interview,AUPRC,0.6630068634711903,0.5702177531168571,0.09278911035433324,-0.07657758622798282,0.23985898087356514
0,picture_description,interview,AUPRC,0.6630068634711903,0.6855398775491018,-0.02253301407791153,-0.16945377019829516,0.10140032788040512
1,picture_description,interview,AUPRC,0.6630068634711903,0.6855398775491018,-0.02253301407791153,-0.17207374639458095,0.10815138556546401
2,picture_description,interview,AUPRC,0.6630068634711903,0.6855398775491018,-0.02253301407791153,-0.20573671968278917,0.1308510472358308
3,picture_description,interview,AUPRC,0.6630068634711903,0.6855398775491018,-0.02253301407791153,-0.15531697351493357,0.12821009214320495
4,picture_description,interview,AUPRC,0.6630068634711903,0.6855398775491018,-0.02253301407791153,-0.1722976433470229,0.14444990106203406
0,reading,interview,AUPRC,0.6630068634711903,0.5145131843548728,0.1484936791163175,-0.043689087250864005,0.3005523336243202
1,reading,interview,AUPRC,0.6630068634711903,0.5145131843548728,0.1484936791163175,-0.059867101617324094,0.27996967229938685
2,reading,interview,AUPRC,0.6630068634711903,0.5145131843548728,0.1484936791163175,-0.0279695769308012,0.3076175047511865
3,reading,interview,AUPRC,0.6630068634711903,0.5145131843548728,0.1484936791163175,-0.004657049740402984,0.3026083400363107
4,reading,interview,AUPRC,0.6630068634711903,0.5145131843548728,0.1484936791163175,-0.04315350890662028,0.2791105077515472
0,affective_task,picture_description,AUPRC,0.7142323575014117,0.5173403326935024,0.19689202480790924,0.028461917795335072,0.3627886665357302
1,affective_task,picture_description,AUPRC,0.7142323575014117,0.5173403326935024,0.19689202480790924,0.03066250960920909,0.3403299550875936
2,affective_task,picture_description,AUPRC,0.7142323575014117,0.5173403326935024,0.19689202480790924,0.04263447117641812,0.3353358213146234
3,affective_task,picture_description,AUPRC,0.7142323575014117,0.5173403326935024,0.19689202480790924,0.013895126049157974,0.32171032597365196
4,affective_task,picture_description,AUPRC,0.7142323575014117,0.5173403326935024,0.19689202480790924,0.01042778397313539,0.34190695750386807
0,interview,picture_description,AUPRC,0.7142323575014117,0.5497948556339235,0.16443750186748818,0.007742430117496262,0.29742977967151296
1,interview,picture_description,AUPRC,0.7142323575014117,0.5497948556339235,0.16443750186748818,0.0246337875919107,0.32003028559988034
2,interview,picture_description,AUPRC,0.7142323575014117,0.5497948556339235,0.16443750186748818,0.025914294502288666,0.3416204530019648
3,interview,picture_description,AUPRC,0.7142323575014117,0.5497948556339235,0.16443750186748818,0.039460739501726454,0.3122694183865401
4,interview,picture_description,AUPRC,0.7142323575014117,0.5497948556339235,0.16443750186748818,0.027334678910883245,0.31930617296223707
0,reading,picture_description,AUPRC,0.7142323575014117,0.5105759714718531,0.2036563860295586,-0.011194069639227571,0.3568058671856051
1,reading,picture_description,AUPRC,0.7142323575014117,0.5105759714718531,0.2036563860295586,0.014940474222583539,0.3466143715707305
2,reading,picture_description,AUPRC,0.7142323575014117,0.5105759714718531,0.2036563860295586,0.01886882394076751,0.37383416336442526
3,reading,picture_description,AUPRC,0.7142323575014117,0.5105759714718531,0.2036563860295586,0.011343603588775428,0.35921979620260225
4,reading,picture_description,AUPRC,0.7142323575014117,0.5105759714718531,0.2036563860295586,0.01509095851443783,0.3670645649999031
0,affective_task,reading,AUPRC,0.6110636744939814,0.5739378260067136,0.03712584848726774,-0.18376503656211318,0.23588731406037527
1,affective_task,reading,AUPRC,0.6110636744939814,0.5739378260067136,0.03712584848726774,-0.19289364322362823,0.26094107521582605
2,affective_task,reading,AUPRC,0.6110636744939814,0.5739378260067136,0.03712584848726774,-0.1811979805446824,0.2671380627637931
3,affective_task,reading,AUPRC,0.6110636744939814,0.5739378260067136,0.03712584848726774,-0.17267343524335724,0.2362823462512198
4,affective_task,reading,AUPRC,0.6110636744939814,0.5739378260067136,0.03712584848726774,-0.20676257954695593,0.2215748895908358
0,interview,reading,AUPRC,0.6110636744939814,0.6482444962835294,-0.03718082178954807,-0.2052109481798271,0.11907305738993643
1,interview,reading,AUPRC,0.6110636744939814,0.6482444962835294,-0.03718082178954807,-0.1677731570258037,0.13092098925106557
2,interview,reading,AUPRC,0.6110636744939814,0.6482444962835294,-0.03718082178954807,-0.18166547484890505,0.1391079270338407
3,interview,reading,AUPRC,0.6110636744939814,0.6482444962835294,-0.03718082178954807,-0.1722710033362542,0.13026218967854986
4,interview,reading,AUPRC,0.6110636744939814,0.6482444962835294,-0.03718082178954807,-0.1729217861287584,0.1483338955068807
0,picture_description,reading,AUPRC,0.6110636744939814,0.57749714674227,0.03356652775171132,-0.1923481621212824,0.24513453568850865
1,picture_description,reading,AUPRC,0.6110636744939814,0.57749714674227,0.03356652775171132,-0.17849633655923636,0.2643615498635616
2,picture_description,reading,AUPRC,0.6110636744939814,0.57749714674227,0.03356652775171132,-0.1760959265275713,0.24295214951482993
3,picture_description,reading,AUPRC,0.6110636744939814,0.57749714674227,0.03356652775171132,-0.17705872282483143,0.22660326886754717
4,picture_description,reading,AUPRC,0.6110636744939814,0.57749714674227,0.03356652775171132,-0.16102121083408055,0.26761520531841365
0,interview,affective_task,AUROC,0.7781109445277361,0.6191904047976012,0.15892053973013487,0.026748790425261033,0.30971035543403963
1,interview,affective_task,AUROC,0.7781109445277361,0.6191904047976012,0.15892053973013487,0.026774042950513555,0.31271780303030305
2,interview,affective_task,AUROC,0.7781109445277361,0.6191904047976012,0.15892053973013487,0.0321956605222734,0.3046610845295056
3,interview,affective_task,AUROC,0.7781109445277361,0.6191904047976012,0.15892053973013487,0.020555555555555653,0.3094097222222222
4,interview,affective_task,AUROC,0.7781109445277361,0.6191904047976012,0.15892053973013487,0.01769218500797449,0.2955468750000001
0,picture_description,affective_task,AUROC,0.7781109445277361,0.6401799100449775,0.13793103448275856,-0.040090455840455876,0.3237039431157079
1,picture_description,affective_task,AUROC,0.7781109445277361,0.6401799100449775,0.13793103448275856,-0.038595670122887844,0.32814157196969695
2,picture_description,affective_task,AUROC,0.7781109445277361,0.6401799100449775,0.13793103448275856,-0.040210789758487096,0.3226253727297371
3,picture_description,affective_task,AUROC,0.7781109445277361,0.6401799100449775,0.13793103448275856,-0.036150760135135206,0.32050257034632046
4,picture_description,affective_task,AUROC,0.7781109445277361,0.6401799100449775,0.13793103448275856,-0.03411111111111107,0.30486142122984233
0,reading,affective_task,AUROC,0.7781109445277361,0.7076461769115442,0.07046476761619191,-0.0504747474747475,0.22388322505413966
1,reading,affective_task,AUROC,0.7781109445277361,0.7076461769115442,0.07046476761619191,-0.054946524064171026,0.19701756912442406
2,reading,affective_task,AUROC,0.7781109445277361,0.7076461769115442,0.07046476761619191,-0.08037220229171134,0.2159295352323838
3,reading,affective_task,AUROC,0.7781109445277361,0.7076461769115442,0.07046476761619191,-0.08484904100529092,0.20240419006183186
4,reading,affective_task,AUROC,0.7781109445277361,0.7076461769115442,0.07046476761619191,-0.055625960061443956,0.23446409278327784
0,affective_task,interview,AUROC,0.6131934032983508,0.6341829085457271,-0.020989505247376306,-0.19212269585253447,0.1272378663003663
1,affective_task,interview,AUROC,0.6131934032983508,0.6341829085457271,-0.020989505247376306,-0.16286687147977472,0.13612980769230762
2,affective_task,interview,AUROC,0.6131934032983508,0.6341829085457271,-0.020989505247376306,-0.16530257936507944,0.10689030657451715
3,affective_task,interview,AUROC,0.6131934032983508,0.6341829085457271,-0.020989505247376306,-0.18090972222222224,0.16195652173913047
4,affective_task,interview,AUROC,0.6131934032983508,0.6341829085457271,-0.020989505247376306,-0.1878724700149925,0.1363168402777779
0,picture_description,interview,AUROC,0.6131934032983508,0.6821589205397302,-0.06896551724137934,-0.22969267574530736,0.10310606060606062
1,picture_description,interview,AUROC,0.6131934032983508,0.6821589205397302,-0.06896551724137934,-0.2322626201923077,0.11645089285714297
2,picture_description,interview,AUROC,0.6131934032983508,0.6821589205397302,-0.06896551724137934,-0.23694038148389918,0.07048252189694633
3,picture_description,interview,AUROC,0.6131934032983508,0.6821589205397302,-0.06896551724137934,-0.26250230414746545,0.08007407407407405
4,picture_description,interview,AUROC,0.6131934032983508,0.6821589205397302,-0.06896551724137934,-0.3103842645929339,0.09100673400673406
0,reading,interview,AUROC,0.6131934032983508,0.5592203898050975,0.05397301349325334,-0.12469804870292124,0.25597302916381864
1,reading,interview,AUROC,0.6131934032983508,0.5592203898050975,0.05397301349325334,-0.13616869212962968,0.21194618055555559
2,reading,interview,AUROC,0.6131934032983508,0.5592203898050975,0.05397301349325334,-0.1389977260173741,0.2101025659045477
3,reading,interview,AUROC,0.6131934032983508,0.5592203898050975,0.05397301349325334,-0.13355569868727765,0.222017504761133
4,reading,interview,AUROC,0.6131934032983508,0.5592203898050975,0.05397301349325334,-0.11543243243243247,0.2297690664036818
0,affective_task,picture_description,AUROC,0.7136431784107946,0.5397301349325337,0.17391304347826086,0.011074561403508758,0.3214781144781145
1,affective_task,picture_description,AUROC,0.7136431784107946,0.5397301349325337,0.17391304347826086,0.03543586789554531,0.30948918269230785
2,affective_task,picture_description,AUROC,0.7136431784107946,0.5397301349325337,0.17391304347826086,0.027256589564281824,0.3106162067099567
3,affective_task,picture_description,AUROC,0.7136431784107946,0.5397301349325337,0.17391304347826086,0.011033976987924451,0.3182272727272727
4,affective_task,picture_description,AUROC,0.7136431784107946,0.5397301349325337,0.17391304347826086,0.0310613425925926,0.34856531989644973
0,interview,picture_description,AUROC,0.7136431784107946,0.5067466266866567,0.2068965517241379,0.05250626566416045,0.37659871031746034
1,interview,picture_description,AUROC,0.7136431784107946,0.5067466266866567,0.2068965517241379,0.03660597572362277,0.39171455679045813
2,interview,picture_description,AUROC,0.7136431784107946,0.5067466266866567,0.2068965517241379,0.03842691798941807,0.37317471590909107
3,interview,picture_description,AUROC,0.7136431784107946,0.5067466266866567,0.2068965517241379,0.029661796536796545,0.4168290854572713
4,interview,picture_description,AUROC,0.7136431784107946,0.5067466266866567,0.2068965517241379,0.03581520629084969,0.38944900687547745
0,reading,picture_description,AUROC,0.7136431784107946,0.5142428785607196,0.199400299850075,0.016222222222222183,0.39627976190476205
1,reading,picture_description,AUROC,0.7136431784107946,0.5142428785607196,0.199400299850075,0.030902048319327736,0.35989483173076936
2,reading,picture_description,AUROC,0.7136431784107946,0.5142428785607196,0.199400299850075,0.036617402091086236,0.3511789105447277
3,reading,picture_description,AUROC,0.7136431784107946,0.5142428785607196,0.199400299850075,0.022073211875843404,0.3416796875
4,reading,picture_description,AUROC,0.7136431784107946,0.5142428785607196,0.199400299850075,0.03212627557189156,0.3668351898923445
0,affective_task,reading,AUROC,0.631184407796102,0.5967016491754122,0.034482758620689724,-0.1310992138791,0.19051188691368612
1,affective_task,reading,AUROC,0.631184407796102,0.5967016491754122,0.034482758620689724,-0.15322966507177035,0.1976296296296298
2,affective_task,reading,AUROC,0.631184407796102,0.5967016491754122,0.034482758620689724,-0.11532332251082258,0.2015829613095239
3,affective_task,reading,AUROC,0.631184407796102,0.5967016491754122,0.034482758620689724,-0.14990404040404037,0.19958496732026146
4,affective_task,reading,AUROC,0.631184407796102,0.5967016491754122,0.034482758620689724,-0.1392223011363636,0.21755392156862746
0,interview,reading,AUROC,0.631184407796102,0.6116941529235382,0.019490254872563728,-0.13334928229665075,0.18464728180473375
1,interview,reading,AUROC,0.631184407796102,0.6116941529235382,0.019490254872563728,-0.13904452181590335,0.18634234943977593
2,interview,reading,AUROC,0.631184407796102,0.6116941529235382,0.019490254872563728,-0.14647149725274727,0.156008363005997
3,interview,reading,AUROC,0.631184407796102,0.6116941529235382,0.019490254872563728,-0.12926515151515144,0.16534005724410536
4,interview,reading,AUROC,0.631184407796102,0.6116941529235382,0.019490254872563728,-0.10807475726422508,0.18935394670688785
0,picture_description,reading,AUROC,0.631184407796102,0.6056971514242878,0.02548725637181415,-0.21655295138888891,0.2879531824996593
1,picture_description,reading,AUROC,0.631184407796102,0.6056971514242878,0.02548725637181415,-0.16451302083333327,0.2574009324009325
2,picture_description,reading,AUROC,0.631184407796102,0.6056971514242878,0.02548725637181415,-0.18473527568922302,0.2218836805555556
3,picture_description,reading,AUROC,0.631184407796102,0.6056971514242878,0.02548725637181415,-0.18039595398379235,0.2184985828650987
4,picture_description,reading,AUROC,0.631184407796102,0.6056971514242878,0.02548725637181415,-0.19976702887683037,0.2461843667085603
0,interview,affective_task,Balanced Accuracy,0.7226386806596702,0.5674662668665668,0.15517241379310343,0.01764508928571428,0.297925925925926
1,interview,affective_task,Balanced Accuracy,0.7226386806596702,0.5674662668665668,0.15517241379310343,0.01991856827383144,0.28041282642089094
2,interview,affective_task,Balanced Accuracy,0.7226386806596702,0.5674662668665668,0.15517241379310343,0.025396949962518692,0.3073549763579749
3,interview,affective_task,Balanced Accuracy,0.7226386806596702,0.5674662668665668,0.15517241379310343,0.005990783410138262,0.2876998873873874
4,interview,affective_task,Balanced Accuracy,0.7226386806596702,0.5674662668665668,0.15517241379310343,0.03164772727272731,0.27605810983397194
0,picture_description,affective_task,Balanced Accuracy,0.7226386806596702,0.5547226386806596,0.16791604197901056,0.037869318181818254,0.307734375
1,picture_description,affective_task,Balanced Accuracy,0.7226386806596702,0.5547226386806596,0.16791604197901056,0.032383578431372656,0.3010347222222222
2,picture_description,affective_task,Balanced Accuracy,0.7226386806596702,0.5547226386806596,0.16791604197901056,0.02435807096451768,0.30762445887445883
3,picture_description,affective_task,Balanced Accuracy,0.7226386806596702,0.5547226386806596,0.16791604197901056,0.040682659932659924,0.3306082385107154
4,picture_description,affective_task,Balanced Accuracy,0.7226386806596702,0.5547226386806596,0.16791604197901056,0.027492360580595787,0.3000185185185186
0,reading,affective_task,Balanced Accuracy,0.7226386806596702,0.618440779610195,0.10419790104947524,-0.01618876941457585,0.22599161255411268
1,reading,affective_task,Balanced Accuracy,0.7226386806596702,0.618440779610195,0.10419790104947524,-0.07729598506069092,0.2557678745985198
2,reading,affective_task,Balanced Accuracy,0.7226386806596702,0.618440779610195,0.10419790104947524,-0.03722718253968259,0.23885539606592246
3,reading,affective_task,Balanced Accuracy,0.7226386806596702,0.618440779610195,0.10419790104947524,-0.0668148148148148,0.2314796146953406
4,reading,affective_task,Balanced Accuracy,0.7226386806596702,0.618440779610195,0.10419790104947524,-0.021837301587301534,0.2544529914529916
0,affective_task,interview,Balanced Accuracy,0.6011994002998501,0.6319340329835083,-0.03073463268365817,-0.1522502841716397,0.08928841991341993
1,affective_task,interview,Balanced Accuracy,0.6011994002998501,0.6319340329835083,-0.03073463268365817,-0.1667166416791605,0.08445312499999999
2,affective_task,interview,Balanced Accuracy,0.6011994002998501,0.6319340329835083,-0.03073463268365817,-0.14675410500491387,0.11320535008993199
3,affective_task,interview,Balanced Accuracy,0.6011994002998501,0.6319340329835083,-0.03073463268365817,-0.1621618513065882,0.11220279720279716
4,affective_task,interview,Balanced Accuracy,0.6011994002998501,0.6319340329835083,-0.03073463268365817,-0.16988361374868124,0.0748751023751024
0,picture_description,interview,Balanced Accuracy,0.6011994002998501,0.5554722638680659,0.045727136431784166,-0.08930030345471524,0.22342859820089958
1,picture_description,interview,Balanced Accuracy,0.6011994002998501,0.5554722638680659,0.045727136431784166,-0.11787955182072828,0.19717641048644347
2,picture_description,interview,Balanced Accuracy,0.6011994002998501,0.5554722638680659,0.045727136431784166,-0.10899496501109406,0.21193834459459465
3,picture_description,interview,Balanced Accuracy,0.6011994002998501,0.5554722638680659,0.045727136431784166,-0.1009770947859403,0.19368519585253466
4,picture_description,interview,Balanced Accuracy,0.6011994002998501,0.5554722638680659,0.045727136431784166,-0.10041745730550292,0.1938293526048037
0,reading,interview,Balanced Accuracy,0.6011994002998501,0.5494752623688156,0.051724137931034475,-0.09538690476190476,0.20323626893939398
1,reading,interview,Balanced Accuracy,0.6011994002998501,0.5494752623688156,0.051724137931034475,-0.08953813343519237,0.18459821428571432
2,reading,interview,Balanced Accuracy,0.6011994002998501,0.5494752623688156,0.051724137931034475,-0.0742806481374697,0.1907636812200957
3,reading,interview,Balanced Accuracy,0.6011994002998501,0.5494752623688156,0.051724137931034475,-0.08631934032983503,0.18465145502645497
4,reading,interview,Balanced Accuracy,0.6011994002998501,0.5494752623688156,0.051724137931034475,-0.07696296296296302,0.17610738723641958
0,affective_task,picture_description,Balanced Accuracy,0.6274362818590704,0.47676161919040483,0.15067466266866558,0.020664351851851837,0.2904305875576037
1,affective_task,picture_description,Balanced Accuracy,0.6274362818590704,0.47676161919040483,0.15067466266866558,0.019129037081339593,0.3214402427637722
2,affective_task,picture_description,Balanced Accuracy,0.6274362818590704,0.47676161919040483,0.15067466266866558,0.007386970577211427,0.2693590704647677
3,affective_task,picture_description,Balanced Accuracy,0.6274362818590704,0.47676161919040483,0.15067466266866558,0.0028491334689798756,0.2909118487631185
4,affective_task,picture_description,Balanced Accuracy,0.6274362818590704,0.47676161919040483,0.15067466266866558,-0.014691073562041369,0.29937948564593314
0,interview,picture_description,Balanced Accuracy,0.6274362818590704,0.46401799100449775,0.16341829085457266,-0.016095719537815113,0.33438683712121214
1,interview,picture_description,Balanced Accuracy,0.6274362818590704,0.46401799100449775,0.16341829085457266,-0.007094771241830138,0.3333888888888889
2,interview,picture_description,Balanced Accuracy,0.6274362818590704,0.46401799100449775,0.16341829085457266,-0.010129644998929049,0.3560876623376623
3,interview,picture_description,Balanced Accuracy,0.6274362818590704,0.46401799100449775,0.16341829085457266,0.011098484848484807,0.3473484848484849
4,interview,picture_description,Balanced Accuracy,0.6274362818590704,0.46401799100449775,0.16341829085457266,0.018975225225225163,0.3262073863636365
0,reading,picture_description,Balanced Accuracy,0.6274362818590704,0.5667166416791605,0.06071964017990994,-0.11341628292996363,0.21263492063492062
1,reading,picture_description,Balanced Accuracy,0.6274362818590704,0.5667166416791605,0.06071964017990994,-0.11586538461538463,0.2329144351724998
2,reading,picture_description,Balanced Accuracy,0.6274362818590704,0.5667166416791605,0.06071964017990994,-0.09877352150537631,0.23263715277777766
3,reading,picture_description,Balanced Accuracy,0.6274362818590704,0.5667166416791605,0.06071964017990994,-0.1304048295454546,0.2156951524237881
4,reading,picture_description,Balanced Accuracy,0.6274362818590704,0.5667166416791605,0.06071964017990994,-0.10408986175115212,0.1940401785714286
0,affective_task,reading,Balanced Accuracy,0.6356821589205397,0.5232383808095952,0.11244377811094453,-0.051515151515151514,0.2307738095238095
1,affective_task,reading,Balanced Accuracy,0.6356821589205397,0.5232383808095952,0.11244377811094453,-0.034662356321839144,0.2797991071428571
2,affective_task,reading,Balanced Accuracy,0.6356821589205397,0.5232383808095952,0.11244377811094453,-0.019318181818181967,0.2695925925925927
3,affective_task,reading,Balanced Accuracy,0.6356821589205397,0.5232383808095952,0.11244377811094453,-0.03579594131505674,0.26199776785714285
4,affective_task,reading,Balanced Accuracy,0.6356821589205397,0.5232383808095952,0.11244377811094453,-0.03444155092592597,0.24717633928571428
0,interview,reading,Balanced Accuracy,0.6356821589205397,0.553223388305847,0.08245877061469264,-0.02470718125960054,0.21267332309267803
1,interview,reading,Balanced Accuracy,0.6356821589205397,0.553223388305847,0.08245877061469264,-0.039981758832565294,0.21463227513227517
2,interview,reading,Balanced Accuracy,0.6356821589205397,0.553223388305847,0.08245877061469264,-0.023809523809523725,0.2339121952608795
3,interview,reading,Balanced Accuracy,0.6356821589205397,0.553223388305847,0.08245877061469264,-0.02745028409090904,0.21162878787878792
4,interview,reading,Balanced Accuracy,0.6356821589205397,0.553223388305847,0.08245877061469264,-0.07458737149282509,0.2012192874692875
0,picture_description,reading,Balanced Accuracy,0.6356821589205397,0.5119940029985007,0.12368815592203897,-0.043906336305531465,0.2648508771929826
1,picture_description,reading,Balanced Accuracy,0.6356821589205397,0.5119940029985007,0.12368815592203897,-0.006212121212121249,0.2884615384615385
2,picture_description,reading,Balanced Accuracy,0.6356821589205397,0.5119940029985007,0.12368815592203897,-0.0033091931216931033,0.26377622377622384
3,picture_description,reading,Balanced Accuracy,0.6356821589205397,0.5119940029985007,0.12368815592203897,-0.0015754054790786242,0.27496536869813937
4,picture_description,reading,Balanced Accuracy,0.6356821589205397,0.5119940029985007,0.12368815592203897,-0.016694444444444494,0.2737115384615385
0,interview,affective_task,Macro-F1,0.7242424242424244,0.557528671846097,0.16671375239632735,0.020662959228558594,0.3058416683202327
1,interview,affective_task,Macro-F1,0.7242424242424244,0.557528671846097,0.16671375239632735,0.022427567866321427,0.32232243815597833
2,interview,affective_task,Macro-F1,0.7242424242424244,0.557528671846097,0.16671375239632735,0.030065584837137463,0.29693369388982244
3,interview,affective_task,Macro-F1,0.7242424242424244,0.557528671846097,0.16671375239632735,0.019005043259549617,0.3090059967811204
4,interview,affective_task,Macro-F1,0.7242424242424244,0.557528671846097,0.16671375239632735,0.033203574203574164,0.2943472258750952
0,picture_description,affective_task,Macro-F1,0.7242424242424244,0.5357142857142858,0.18852813852813854,0.04815698037295439,0.33132515082171826
1,picture_description,affective_task,Macro-F1,0.7242424242424244,0.5357142857142858,0.18852813852813854,0.033670266246789496,0.3456661530058734
2,picture_description,affective_task,Macro-F1,0.7242424242424244,0.5357142857142858,0.18852813852813854,0.02265430658323507,0.34551057195917567
3,picture_description,affective_task,Macro-F1,0.7242424242424244,0.5357142857142858,0.18852813852813854,0.03278174297453958,0.34103841729928686
4,picture_description,affective_task,Macro-F1,0.7242424242424244,0.5357142857142858,0.18852813852813854,0.0592615667007764,0.3254345700544369
0,reading,affective_task,Macro-F1,0.7242424242424244,0.6174990321331785,0.10674339210924588,-0.051874899980741115,0.27753792528478016
1,reading,affective_task,Macro-F1,0.7242424242424244,0.6174990321331785,0.10674339210924588,-0.04823152395193408,0.27127329995273547
2,reading,affective_task,Macro-F1,0.7242424242424244,0.6174990321331785,0.10674339210924588,-0.032356677927356824,0.2647733587430397
3,reading,affective_task,Macro-F1,0.7242424242424244,0.6174990321331785,0.10674339210924588,-0.08169222207078272,0.26675078571268396
4,reading,affective_task,Macro-F1,0.7242424242424244,0.6174990321331785,0.10674339210924588,-0.05788682218170288,0.25585802279290093
0,affective_task,interview,Macro-F1,0.6006144393241168,0.6312056737588652,-0.030591234434748316,-0.16208065581579406,0.057596822736800425
1,affective_task,interview,Macro-F1,0.6006144393241168,0.6312056737588652,-0.030591234434748316,-0.14947144094669446,0.09890037393162401
2,affective_task,interview,Macro-F1,0.6006144393241168,0.6312056737588652,-0.030591234434748316,-0.13462810416861473,0.09582526446860531
3,affective_task,interview,Macro-F1,0.6006144393241168,0.6312056737588652,-0.030591234434748316,-0.14762178711051474,0.08678325969888194
4,affective_task,interview,Macro-F1,0.6006144393241168,0.6312056737588652,-0.030591234434748316,-0.1341991436591693,0.10173432150021866
0,picture_description,interview,Macro-F1,0.6006144393241168,0.4871794871794871,0.11343495214462973,-0.06769817646040922,0.2707222102544326
1,picture_description,interview,Macro-F1,0.6006144393241168,0.4871794871794871,0.11343495214462973,-0.07354592276793409,0.29102032920941695
2,picture_description,interview,Macro-F1,0.6006144393241168,0.4871794871794871,0.11343495214462973,-0.07776643271321382,0.2978543150684215
3,picture_description,interview,Macro-F1,0.6006144393241168,0.4871794871794871,0.11343495214462973,-0.025839995418806296,0.3111309509759809
4,picture_description,interview,Macro-F1,0.6006144393241168,0.4871794871794871,0.11343495214462973,-0.052627608122847606,0.28340635210978615
0,reading,interview,Macro-F1,0.6006144393241168,0.5495291902071563,0.05108524911696055,-0.11739222783838969,0.20122129067676855
1,reading,interview,Macro-F1,0.6006144393241168,0.5495291902071563,0.05108524911696055,-0.08594194132551163,0.18675248642213993
2,reading,interview,Macro-F1,0.6006144393241168,0.5495291902071563,0.05108524911696055,-0.07043310673314478,0.19532667974343618
3,reading,interview,Macro-F1,0.6006144393241168,0.5495291902071563,0.05108524911696055,-0.11119842674131956,0.17592833998413807
4,reading,interview,Macro-F1,0.6006144393241168,0.5495291902071563,0.05108524911696055,-0.10970041844195955,0.19345394105222732
0,affective_task,picture_description,Macro-F1,0.6278719397363466,0.45833333333333337,0.16953860640301321,0.0028089012251546657,0.3140946260103262
1,affective_task,picture_description,Macro-F1,0.6278719397363466,0.45833333333333337,0.16953860640301321,-0.030335057941606118,0.3268974991921421
2,affective_task,picture_description,Macro-F1,0.6278719397363466,0.45833333333333337,0.16953860640301321,0.0045938475390224194,0.3036325757575758
3,affective_task,picture_description,Macro-F1,0.6278719397363466,0.45833333333333337,0.16953860640301321,0.0024123374478439985,0.32763136910930196
4,affective_task,picture_description,Macro-F1,0.6278719397363466,0.45833333333333337,0.16953860640301321,0.0001552795031055849,0.3162319801916696
0,interview,picture_description,Macro-F1,0.6278719397363466,0.432015065913371,0.19585687382297556,0.02228887373605387,0.34951313244426346
1,interview,picture_description,Macro-F1,0.6278719397363466,0.432015065913371,0.19585687382297556,0.016833764602494233,0.38597754229570774
2,interview,picture_description,Macro-F1,0.6278719397363466,0.432015065913371,0.19585687382297556,0.03220175316388261,0.3469124101995163
3,interview,picture_description,Macro-F1,0.6278719397363466,0.432015065913371,0.19585687382297556,0.02856521640914437,0.3813172907598253
4,interview,picture_description,Macro-F1,0.6278719397363466,0.432015065913371,0.19585687382297556,0.027931308852376747,0.34325694257818684
0,reading,picture_description,Macro-F1,0.6278719397363466,0.5666666666666667,0.06120527306967993,-0.10825304847714962,0.2484646214752887
1,reading,picture_description,Macro-F1,0.6278719397363466,0.5666666666666667,0.06120527306967993,-0.12076660851880547,0.23183052052722183
2,reading,picture_description,Macro-F1,0.6278719397363466,0.5666666666666667,0.06120527306967993,-0.10597622387065418,0.22875456554539364
3,reading,picture_description,Macro-F1,0.6278719397363466,0.5666666666666667,0.06120527306967993,-0.13082686414705405,0.22731592712842724
4,reading,picture_description,Macro-F1,0.6278719397363466,0.5666666666666667,0.06120527306967993,-0.13452958458680606,0.23992335737473283
0,affective_task,reading,Macro-F1,0.634375,0.5207373271889401,0.11363767281105996,-0.007277116752402554,0.27980944239980826
1,affective_task,reading,Macro-F1,0.634375,0.5207373271889401,0.11363767281105996,-0.015388924453663128,0.2699835562835944
2,affective_task,reading,Macro-F1,0.634375,0.5207373271889401,0.11363767281105996,-0.05255234182794779,0.26863551446983613
3,affective_task,reading,Macro-F1,0.634375,0.5207373271889401,0.11363767281105996,-0.03954625706214698,0.2540208617949159
4,affective_task,reading,Macro-F1,0.634375,0.5207373271889401,0.11363767281105996,-0.0249540949943578,0.26248371755102345
0,interview,reading,Macro-F1,0.634375,0.543859649122807,0.09051535087719298,-0.045425870234683925,0.2337709285599312
1,interview,reading,Macro-F1,0.634375,0.543859649122807,0.09051535087719298,-0.05981603477700799,0.21563356295748412
2,interview,reading,Macro-F1,0.634375,0.543859649122807,0.09051535087719298,-0.04317072328934904,0.2160611298158227
3,interview,reading,Macro-F1,0.634375,0.543859649122807,0.09051535087719298,-0.0387549639191429,0.21514750496523494
4,interview,reading,Macro-F1,0.634375,0.543859649122807,0.09051535087719298,-0.028613115585295463,0.21098960667503808
0,picture_description,reading,Macro-F1,0.634375,0.4564459930313589,0.1779290069686411,-0.00013247282608706552,0.3578274206164771
1,picture_description,reading,Macro-F1,0.634375,0.4564459930313589,0.1779290069686411,0.00259760722470817,0.3448690954070875
2,picture_description,reading,Macro-F1,0.634375,0.4564459930313589,0.1779290069686411,0.014569713239366648,0.38355088745269655
3,picture_description,reading,Macro-F1,0.634375,0.4564459930313589,0.1779290069686411,0.001605339105339112,0.34684993541928383
4,picture_description,reading,Macro-F1,0.634375,0.4564459930313589,0.1779290069686411,0.016202891715943534,0.3290125580080716
