citation_key,entry_type,registry_year,registry_title,registry_venue,registry_doi,registry_url,registry_verification_status,registry_metadata_source_url,source_context_count,session69_verification_status,session69_checked_source_url,session69_checked_fields,manuscript_use_claim_status,remaining_submission_check
alaa2025medicalconstruct,inproceedings,2025,Position: Medical Large Language Model Benchmarks Should Prioritize Construct Validity,Proceedings of the 42nd International Conference on Machine Learning,,https://proceedings.mlr.press/v267/alaa25a.html,primary_pmlr_page,https://proceedings.mlr.press/v267/alaa25a.html,1,spot_checked_primary_source,https://proceedings.mlr.press/v267/alaa25a.html,title;authors;year;venue;volume;pages;medical_benchmark_construct_validity_use_claim,supported_for_medical_ai_benchmark_construct_validity_positioning,confirm final ACM style for PMLR proceedings entries
arjovsky2019irm,misc,2019,Invariant Risk Minimization,,,https://arxiv.org/abs/1907.02893,primary_arxiv_preprint,https://arxiv.org/abs/1907.02893,1,spot_checked_primary_source,https://arxiv.org/abs/1907.02893,title;authors;submission_date;arxiv_id;invariant_risk_use_claim,supported_for_invariant_risk_baseline_positioning,confirm venue style and capitalization against final bibliography format
baai2026bgem3,misc,2026,{BAAI/bge-m3} Model Card,,,https://huggingface.co/BAAI/bge-m3,primary_model_card,https://huggingface.co/BAAI/bge-m3,1,spot_checked_primary_source,https://huggingface.co/BAAI/bge-m3,model_id;organization;license;multilinguality;long_context_claim,supported_for_bge_m3_multilingual_primary_feature_contract,capture exact model revision/hash if required by venue reproducibility checklist
baai2026bgesmallzh,misc,2026,{BAAI/bge-small-zh-v1.5} Model Card,,,https://huggingface.co/BAAI/bge-small-zh-v1.5,primary_model_card,https://huggingface.co/BAAI/bge-small-zh-v1.5,1,spot_checked_primary_source,https://huggingface.co/BAAI/bge-small-zh-v1.5,model_id;organization;language_tag;model_list_language;legacy_caveat_use_claim,supported_for_old_chinese_bge_feature_contract_caveat,capture exact model revision/hash if required by venue reproducibility checklist
baevski2020wav2vec2,misc,2020,{wav2vec 2.0}: A Framework for Self-Supervised Learning of Speech Representations,,,https://arxiv.org/abs/2006.11477,primary_arxiv_preprint,https://arxiv.org/abs/2006.11477,1,spot_checked_primary_source,https://arxiv.org/abs/2006.11477,title;authors;submission_date;arxiv_id;speech_foundation_use_claim,supported_for_wav2vec2_speech_foundation_sensitivity_contract,confirm venue style and capitalization against final bibliography format
bean2025measuring,inproceedings,2025,Measuring What Matters: Construct Validity in Large Language Model Benchmarks,Advances in Neural Information Processing Systems 38,10.52202/085713-0590,https://proceedings.neurips.cc/paper_files/paper/2025/hash/1967e0fc3aa6cbbace562f5cb8e3954e-Abstract-Datasets_and_Benchmarks_Track.html,primary_neurips_page,https://proceedings.neurips.cc/paper_files/paper/2025/hash/1967e0fc3aa6cbbace562f5cb8e3954e-Abstract-Datasets_and_Benchmarks_Track.html,1,spot_checked_primary_source,https://proceedings.neurips.cc/paper_files/paper/2025/hash/1967e0fc3aa6cbbace562f5cb8e3954e-Abstract-Datasets_and_Benchmarks_Track.html,title;authors;year;venue;doi;llm_benchmark_construct_validity_use_claim,supported_for_general_llm_benchmark_construct_validity_positioning,confirm final ACM style for long NeurIPS author list
bulut2017detecting,article,2017,"Detecting Multidimensional Differential Item Functioning with the Multiple Indicators Multiple Causes Model, the Item Response Theory Likelihood Ratio Test, and Logistic Regression",Frontiers in Education,10.3389/feduc.2017.00051,https://www.frontiersin.org/journals/education/articles/10.3389/feduc.2017.00051/full,primary_publisher_page,https://www.frontiersin.org/journals/education/articles/10.3389/feduc.2017.00051/full,1,spot_checked_primary_source,https://www.frontiersin.org/journals/education/articles/10.3389/feduc.2017.00051/full,title;authors;year;journal;volume;doi;dif_method_use_claim,supported_for_irt_lr_and_logistic_dif_method_context,confirm Frontiers article-number formatting against target venue style
burdisso2024daicprompts,inproceedings,2024,{DAIC-WOZ}: On the Validity of Using the Therapist's Prompts in Automatic Depression Detection from Clinical Interviews,Proceedings of the 6th Clinical Natural Language Processing Workshop,10.18653/v1/2024.clinicalnlp-1.8,https://aclanthology.org/2024.clinicalnlp-1.8/,primary_acl_anthology,https://aclanthology.org/2024.clinicalnlp-1.8/,1,spot_checked_primary_source,https://aclanthology.org/2024.clinicalnlp-1.8/;https://doi.org/10.18653/v1/2024.clinicalnlp-1.8,title;authors;year;venue;pages;doi;therapist_prompt_use_claim,supported_for_daic_prompt_validity_and_protocol_leakage_positioning,confirm venue style and capitalization against final bibliography format
cai2020modma,article,2022,A Multi-modal Open Dataset for Mental-disorder Analysis,Scientific Data,10.1038/s41597-022-01211-x,https://www.nature.com/articles/s41597-022-01211-x,primary_publisher_page_and_official_dataset_page,https://www.nature.com/articles/s41597-022-01211-x,1,spot_checked_primary_source,https://www.nature.com/articles/s41597-022-01211-x;https://reshare.ukdataservice.ac.uk/854301/;https://arxiv.org/abs/2002.09283,title;authors;year;journal;volume;article_number;doi;dataset_access_page;modma_use_claim,supported_for_modma_controlled_task_dataset_context_after_switch_to_scientific_data_descriptor,citation key still encodes the original 2020 preprint year; rename only if final manuscript citation-key hygiene requires it
chalmers2012mirt,article,2012,{mirt}: A Multidimensional Item Response Theory Package for the {R} Environment,Journal of Statistical Software,10.18637/jss.v048.i06,https://www.jstatsoft.org/article/view/v048i06,primary_jss_page,https://www.jstatsoft.org/article/view/v048i06,1,spot_checked_primary_source,https://www.jstatsoft.org/article/view/v048i06,title;author;year;journal;volume;issue;pages;doi;mirt_runtime_use_claim,supported_for_mirt_irt_runtime_citation,confirm venue style and capitalization against final bibliography format
chalmers2026mirtmultiplegroup,misc,2026,{multipleGroup}: Multiple Group Estimation,,,https://philchalmers.github.io/mirt/html/multipleGroup.html,official_package_documentation,https://philchalmers.github.io/mirt/html/multipleGroup.html,1,spot_checked_primary_source,https://philchalmers.github.io/mirt/html/multipleGroup.html,documentation_title;author;access_year;multiple_group_arguments;anchor_invariance_use_claim,supported_for_mv13_multiple_group_irt_workflow_documentation,capture package version/session info if final reproducibility appendix requires it
chen2022wavlm,misc,2022,{WavLM}: Large-Scale Self-Supervised Pre-Training for Full Stack Speech Processing,,,https://arxiv.org/abs/2110.13900,primary_arxiv_preprint,https://arxiv.org/abs/2110.13900,1,spot_checked_primary_source,https://arxiv.org/abs/2110.13900,title;authors;submission_date;arxiv_id;doi;speech_foundation_use_claim,supported_for_wavlm_speech_foundation_positioning_after_author_list_correction,confirm whether final style should cite arXiv or IEEE JSTSP version
chen2024gnnsda,article,2024,Semi-Supervised Domain Adaptation for Major Depressive Disorder Detection,IEEE Transactions on Multimedia,10.1109/TMM.2023.3312917,https://doi.org/10.1109/TMM.2023.3312917,doi_and_ieee_metadata,https://doi.org/10.1109/TMM.2023.3312917,1,spot_checked_primary_source,https://doi.org/10.1109/TMM.2023.3312917,title;authors;year;venue;pages;doi;gnn_sda_baseline_use_claim,supported_for_mv26_close_depression_specific_baseline_positioning,confirm final IEEE page metadata before submission
chen2025leavingnone,article,2025,Leaving None Behind: Data-Free Domain Incremental Learning for Major Depressive Disorder Detection,IEEE Transactions on Affective Computing,10.1109/TAFFC.2024.3469189,https://ieeexplore.ieee.org/document/10696948/,ieee_metadata_and_dblp_record,https://dblp.org/rec/journals/taffco/ChenGHH25,0,spot_checked_primary_source,https://dblp.org/rec/journals/taffco/ChenGHH25;https://doi.org/10.1109/TAFFC.2024.3469189,title;authors;year;journal;volume;issue;pages;doi;domain_incremental_use_claim,supported_for_close_domain_incremental_mdd_baseline_positioning,confirm final IEEE page display if target venue requires publisher-rendered metadata
chen2025scd,article,2026,Towards Stable Cross-Domain Depression Recognition under Missing Modalities,Pattern Recognition,10.1016/j.patcog.2026.113367,https://doi.org/10.1016/j.patcog.2026.113367,primary_publisher_doi_metadata,https://doi.org/10.1016/j.patcog.2026.113367,1,spot_checked_primary_source,https://doi.org/10.1016/j.patcog.2026.113367,title;authors;year;journal;volume;article_number;doi;scd_mllm_use_claim,supported_for_generic_cross_domain_missing_modality_positioning,confirm final publisher page display if venue requires publisher page screenshots rather than DOI metadata
deduro2026nlppsychometrics,misc,2026,Natural Language Processing Psychometrics,,10.48550/arXiv.2608.07316,https://arxiv.org/abs/2608.07316,primary_arxiv_preprint,https://arxiv.org/abs/2608.07316,1,spot_checked_primary_source,https://arxiv.org/abs/2608.07316,title;authors;submission_date;arxiv_id;doi;nlp_psychometrics_use_claim,supported_for_emerging_nlp_psychometrics_framing,check for later arXiv version or peer-reviewed venue before submission
delamain2024measurement,article,2024,Measurement Invariance and Differential Item Functioning of the {PHQ-9} and {GAD-7} in a Large Primary Care Sample,Journal of Affective Disorders,10.1016/j.jad.2023.11.026,https://pubmed.ncbi.nlm.nih.gov/37989437/,pubmed_and_publisher_metadata,https://pubmed.ncbi.nlm.nih.gov/37989437/,2,spot_checked_primary_source,https://doi.org/10.1016/j.jad.2023.11.026;https://pubmed.ncbi.nlm.nih.gov/37989437/,title;authors;year;journal;volume;pages;doi;phq_gad_invariance_use_claim,supported_for_active_phq9_gad7_measurement_invariance_and_dif_context,confirm final publisher page display if target venue requires publisher-rendered metadata
freiesleben2025benchmarking,misc,2025,The Benchmarking Epistemology: Construct Validity for Evaluating Machine Learning Models,,10.48550/arXiv.2510.23191,https://arxiv.org/abs/2510.23191,primary_arxiv_preprint,https://arxiv.org/abs/2510.23191,1,spot_checked_primary_source,https://arxiv.org/abs/2510.23191,title;authors;submission_date;arxiv_id;doi;ml_benchmark_construct_validity_use_claim,supported_for_general_ml_benchmark_construct_validity_positioning,check for later peer-reviewed venue before submission
fu2025mpddchallenge,inproceedings,2025,The First {MPDD} Challenge: Multimodal Personality-aware Depression Detection,Proceedings of the 33rd ACM International Conference on Multimedia,10.1145/3746027.3762020,https://hacilab.github.io/MPDDChallenge.github.io/,official_challenge_page_and_acm_metadata,https://hacilab.github.io/MPDDChallenge.github.io/,2,spot_checked_primary_source,https://hacilab.github.io/MPDDChallenge.github.io/;https://doi.org/10.1145/3746027.3762020,title;authors;year;venue;pages;doi;challenge_metrics;mpdd_use_claim,supported_for_mpdd_challenge_and_individual_difference_benchmark_framing_after_title_correction,confirm final ACM style and whether to preserve author diacritics in BibTeX
fu2026p3hf,article,2026,Personality-guided Public-Private Domain Disentangled Hypergraph-Former Network for Multimodal Depression Detection,Proceedings of the AAAI Conference on Artificial Intelligence,10.1609/aaai.v40i3.37159,https://ojs.aaai.org/index.php/AAAI/article/view/37159,primary_aaai_page,https://ojs.aaai.org/index.php/AAAI/article/view/37159,1,spot_checked_primary_source,https://ojs.aaai.org/index.php/AAAI/article/view/37159;https://doi.org/10.1609/aaai.v40i3.37159,title;authors;year;venue;volume;issue;pages;doi;personality_aware_use_claim,supported_for_personality_aware_mpdd_young_method_positioning,confirm AAAI bibliography style for proceedings-as-journal entries
galenkamp2017measurement,article,2017,Measurement Invariance Testing of the {PHQ-9} in a Multi-Ethnic Population in Europe: The {HELIUS} Study,BMC Psychiatry,10.1186/s12888-017-1506-9,https://pmc.ncbi.nlm.nih.gov/articles/PMC5655879/,primary_fulltext_pmc,https://pmc.ncbi.nlm.nih.gov/articles/PMC5655879/,1,spot_checked_primary_source,https://bmcpsychiatry.biomedcentral.com/articles/10.1186/s12888-017-1506-9;https://doi.org/10.1186/s12888-017-1506-9,title;authors;year;journal;volume;article_number;doi;ethnicity_language_mode_invariance_use_claim,supported_for_classical_phq9_measurement_invariance_template,confirm BMC article-number formatting against target venue style
ganin2016domain,article,2016,Domain-Adversarial Training of Neural Networks,Journal of Machine Learning Research,,https://jmlr.org/papers/v17/15-239.html,primary_publisher_page,https://jmlr.org/papers/v17/15-239.html,1,spot_checked_primary_source,https://jmlr.org/papers/v17/15-239.html,title;authors;year;journal;volume;issue;pages;domain_adversarial_use_claim,supported_for_dann_representation_alignment_baseline_positioning,confirm author spelling from JMLR BibTeX during final style pass
gratch2014distress,inproceedings,2014,The Distress Analysis Interview Corpus of Human and Computer Interviews,Proceedings of the Ninth International Conference on Language Resources and Evaluation (LREC'14),,https://aclanthology.org/L14-1421/,primary_acl_anthology,https://aclanthology.org/L14-1421/,2,spot_checked_primary_source,https://aclanthology.org/L14-1421/,title;authors;year;venue;pages;publisher;corpus_use_claim,supported_for_daic_clinical_interview_multimodal_context,confirm venue style and capitalization against final bibliography format
guo2017calibration,inproceedings,2017,On Calibration of Modern Neural Networks,Proceedings of the 34th International Conference on Machine Learning,,https://proceedings.mlr.press/v70/guo17a.html,primary_publisher_page,https://proceedings.mlr.press/v70/guo17a.html,1,spot_checked_primary_source,https://proceedings.mlr.press/v70/guo17a.html,title;authors;year;venue;volume;pages;calibration_use_claim,supported_for_observed_scale_and_probability_calibration_context,confirm venue style and capitalization against final bibliography format
hsu2021hubert,misc,2021,{HuBERT}: Self-Supervised Speech Representation Learning by Masked Prediction of Hidden Units,,,https://arxiv.org/abs/2106.07447,primary_arxiv_preprint,https://arxiv.org/abs/2106.07447,1,spot_checked_primary_source,https://arxiv.org/abs/2106.07447,title;authors;submission_date;arxiv_id;speech_foundation_use_claim,supported_for_hubert_speech_foundation_sensitivity_context,confirm venue style and capitalization against final bibliography format
ishikawa2026multiprobe,misc,2026,A Multi-Probe Audit of Clinical-Interview Depression Detection Benchmarks,,10.48550/arXiv.2605.23977,https://arxiv.org/abs/2605.23977,primary_arxiv_preprint,https://arxiv.org/abs/2605.23977,1,spot_checked_primary_source,https://arxiv.org/abs/2605.23977,title;authors;submission_date;arxiv_id;doi;benchmark_audit_use_claim,supported_for_nearby_clinical_interview_benchmark_audit_positioning,check for later arXiv version or peer-reviewed venue before submission
li2025mirror,misc,2025,"{""Mirror""} Language {AI} Models of Depression are Criterion-Contaminated",,10.48550/arXiv.2508.05830,https://arxiv.org/abs/2508.05830,primary_arxiv_preprint,https://arxiv.org/abs/2508.05830,1,spot_checked_primary_source,https://arxiv.org/abs/2508.05830,title;authors;submission_date;arxiv_id;doi;criterion_contamination_use_claim,supported_for_mirror_model_criterion_contamination_positioning,check for later arXiv version or peer-reviewed venue before submission
lipton2018labelshift,inproceedings,2018,Detecting and Correcting for Label Shift with Black Box Predictors,Proceedings of the 35th International Conference on Machine Learning,,https://proceedings.mlr.press/v80/lipton18a.html,primary_publisher_page,https://proceedings.mlr.press/v80/lipton18a.html,1,spot_checked_primary_source,https://proceedings.mlr.press/v80/lipton18a.html,title;authors;year;venue;volume;pages;label_shift_use_claim,supported_for_label_shift_framing,confirm venue style and capitalization against final bibliography format
long2015dan,inproceedings,2015,Learning Transferable Features with Deep Adaptation Networks,Proceedings of the 32nd International Conference on Machine Learning,,https://proceedings.mlr.press/v37/long15.html,primary_publisher_page,https://proceedings.mlr.press/v37/long15.html,1,spot_checked_primary_source,https://proceedings.mlr.press/v37/long15.html,title;authors;year;venue;volume;pages;deep_adaptation_mmd_use_claim,supported_for_mmd_dan_distribution_alignment_baseline_positioning,confirm venue style and capitalization against final bibliography format
ma2021phqhamd,article,2021,The Patient Health Questionnaire-9 vs. the Hamilton Rating Scale for Depression in Assessing Major Depressive Disorder,Frontiers in Psychiatry,10.3389/fpsyt.2021.747139,https://www.frontiersin.org/journals/psychiatry/articles/10.3389/fpsyt.2021.747139/full,primary_publisher_page,https://www.frontiersin.org/journals/psychiatry/articles/10.3389/fpsyt.2021.747139/full,2,spot_checked_primary_source,https://www.frontiersin.org/journals/psychiatry/articles/10.3389/fpsyt.2021.747139/full;https://doi.org/10.3389/fpsyt.2021.747139,title;authors;year;journal;volume;doi;phq_hamd_irt_use_claim,supported_for_scale_specific_phq_hamd_psychometric_motivation_after_author_list_correction,confirm Frontiers article-number formatting against target venue style
mandal2025questmf,inproceedings,2025,Enhancing Depression Detection via Question-wise Modality Fusion,Proceedings of the 10th Workshop on Computational Linguistics and Clinical Psychology (CLPsych 2025),10.18653/v1/2025.clpsych-1.4,https://aclanthology.org/2025.clpsych-1.4/,primary_acl_anthology,https://aclanthology.org/2025.clpsych-1.4/,1,spot_checked_primary_source,https://aclanthology.org/2025.clpsych-1.4/,title;authors;year;venue;pages;doi;question_wise_fusion_use_claim,supported_for_nearby_edaic_question_wise_item_prediction_positioning,confirm venue style and capitalization against final bibliography format
meredith1993measurement,article,1993,"Measurement Invariance, Factor Analysis and Factorial Invariance",Psychometrika,10.1007/BF02294825,https://link.springer.com/article/10.1007/BF02294825,primary_publisher_page,https://link.springer.com/article/10.1007/BF02294825,1,spot_checked_primary_source,https://link.springer.com/article/10.1007/BF02294825,title;author;year;journal;volume;issue;pages;doi;measurement_invariance_use_claim,supported_for_classical_measurement_invariance_foundation,confirm venue style and capitalization against final bibliography format
muthen2014irt,article,2014,{IRT} Studies of Many Groups: The Alignment Method,Frontiers in Psychology,10.3389/fpsyg.2014.00978,https://www.frontiersin.org/journals/psychology/articles/10.3389/fpsyg.2014.00978/full,primary_publisher_page,https://www.frontiersin.org/journals/psychology/articles/10.3389/fpsyg.2014.00978/full,1,spot_checked_primary_source,https://www.frontiersin.org/journals/psychology/articles/10.3389/fpsyg.2014.00978/full,title;authors;year;journal;volume;article_number;doi;alignment_method_use_claim,supported_for_irt_many_group_alignment_context,confirm author diacritic escaping against final bibliography format
nguyen2022improving,inproceedings,2022,Improving the Generalizability of Depression Detection by Leveraging Clinical Questionnaires,Proceedings of the 60th Annual Meeting of the Association for Computational Linguistics (Volume 1: Long Papers),10.18653/v1/2022.acl-long.578,https://aclanthology.org/2022.acl-long.578/,primary_acl_anthology,https://aclanthology.org/2022.acl-long.578/,1,spot_checked_primary_source,https://aclanthology.org/2022.acl-long.578/,title;authors;year;venue;pages;doi;questionnaire_grounding_use_claim,supported_for_phq9_questionnaire_grounding_and_ood_generalization_positioning,confirm venue style and capitalization against final bibliography format
patel2019measurement,article,2019,"Measurement Invariance of the Patient Health Questionnaire-9 ({PHQ-9}) Depression Screener in U.S. Adults Across Sex, Race/Ethnicity, and Education Level: {NHANES} 2005-2016",Depression and Anxiety,10.1002/da.22940,https://pmc.ncbi.nlm.nih.gov/articles/PMC6736700/,primary_fulltext_pmc,https://pmc.ncbi.nlm.nih.gov/articles/PMC6736700/,1,spot_checked_primary_source,https://onlinelibrary.wiley.com/doi/abs/10.1002/da.22940;https://pubmed.ncbi.nlm.nih.gov/31356710/,title;authors;year;journal;volume;issue;pages;doi;phq9_sociodemographic_invariance_use_claim,supported_for_phq9_sociodemographic_measurement_invariance_context_after_author_name_correction,confirm venue style and capitalization against final bibliography format
pdchrepository2026,misc,2026,{PDCH}: A Real-world Depression Consultation Dataset,,,https://github.com/Miraclemarvel55/PDCH,official_repository_page,https://github.com/Miraclemarvel55/PDCH,2,spot_checked_primary_source,https://github.com/Miraclemarvel55/PDCH,repository_title;dataset_scope;audio_text_modalities;hamd17_labeling;consultation_count;pdch_use_claim,supported_for_pdch_consultation_hamd_dataset_context,replace repository placeholder author/year if a peer-reviewed PDCH dataset paper becomes available before submission
qwen2024qwen25,misc,2024,{Qwen2.5}: A Party of Foundation Models,,,https://qwenlm.github.io/blog/qwen2.5/,official_project_page,https://qwenlm.github.io/blog/qwen2.5/,1,spot_checked_primary_source,https://qwenlm.github.io/blog/qwen2.5/,project_page_title;date;model_family;context_claim;license_caveat;llm_extension_use_claim,supported_for_design_compatible_instruction_tuned_llm_extension_source,capture exact model revision/hash if required by venue reproducibility checklist
sagawa2019groupdro,misc,2019,Distributionally Robust Neural Networks for Group Shifts: On the Importance of Regularization for Worst-Case Generalization,,,https://arxiv.org/abs/1911.08731,primary_arxiv_preprint,https://arxiv.org/abs/1911.08731,1,spot_checked_primary_source,https://arxiv.org/abs/1911.08731,title;authors;submission_date;arxiv_id;worst_group_use_claim,supported_for_group_dro_worst_group_robustness_baseline_positioning,confirm venue style and capitalization against final bibliography format
samejima1969graded,book,1969,Estimation of Latent Ability Using a Response Pattern of Graded Scores,Psychometric Society,,https://www.psychometricsociety.org/sites/main/files/file-attachments/mn17.pdf,primary_monograph_pdf,https://www.psychometricsociety.org/sites/main/files/file-attachments/mn17.pdf,1,spot_checked_primary_source,https://www.psychometricsociety.org/sites/main/files/file-attachments/mn17.pdf,title;author;year;monograph_number;publisher;graded_response_model_use_claim,supported_for_ordinal_graded_response_model_source,confirm monograph formatting against final bibliography format
shen2022automatic,inproceedings,2022,Automatic Depression Detection: An Emotional Audio-Textual Corpus and a {GRU/BiLSTM}-based Model,"ICASSP 2022 - 2022 IEEE International Conference on Acoustics, Speech and Signal Processing (ICASSP)",10.1109/ICASSP43922.2022.9746569,https://arxiv.org/abs/2202.08210,primary_arxiv_and_ieee_metadata,https://arxiv.org/abs/2202.08210,1,spot_checked_primary_source,https://arxiv.org/abs/2202.08210;https://doi.org/10.1109/ICASSP43922.2022.9746569,title;authors;year;venue;pages;doi;eatd_corpus_use_claim,supported_for_eatd_audio_text_corpus_dataset_context,confirm final IEEE page display if target venue requires publisher-rendered metadata
sun2016deepcoral,inproceedings,2016,Return of Frustratingly Easy Domain Adaptation,Proceedings of the Thirtieth {AAAI} Conference on Artificial Intelligence,,https://ojs.aaai.org/index.php/AAAI/article/view/10306,primary_publisher_page,https://ojs.aaai.org/index.php/AAAI/article/view/10306,1,spot_checked_primary_source,https://ojs.aaai.org/index.php/AAAI/article/view/10306;https://doi.org/10.1609/aaai.v30i1.10306,title;authors;year;venue;volume;issue;deep_coral_use_claim,supported_for_coral_covariance_alignment_baseline_positioning,confirm AAAI page range from final BibTeX/export during venue style pass
teng2026depressionllm,article,2026,{DepressionLLM}: Emotion- and Causality-Aware Depression Detection with Foundation Models,Displays,10.1016/j.displa.2025.103304,https://doi.org/10.1016/j.displa.2025.103304,primary_publisher_doi_metadata,https://doi.org/10.1016/j.displa.2025.103304,1,spot_checked_primary_source,https://doi.org/10.1016/j.displa.2025.103304,title;authors;year;journal;volume;article_number;doi;foundation_model_depression_use_claim,supported_for_foundation_model_depression_detection_positioning,confirm final publisher page display if target venue requires publisher-rendered metadata
tong2022videomae,misc,2022,{VideoMAE}: Masked Autoencoders are Data-Efficient Learners for Self-Supervised Video Pre-Training,,,https://arxiv.org/abs/2203.12602,primary_arxiv_preprint,https://arxiv.org/abs/2203.12602,1,spot_checked_primary_source,https://arxiv.org/abs/2203.12602,title;authors;submission_date;arxiv_id;videomae_use_claim,supported_for_future_videomae_video_backbone_sensitivity_context,confirm venue style and capitalization against final bibliography format
uscict2026daic,misc,2026,{DAIC-WOZ} and Extended {DAIC} Download Page,,,https://dcapswoz.ict.usc.edu/,official_dataset_page,https://dcapswoz.ict.usc.edu/,2,spot_checked_primary_source,https://dcapswoz.ict.usc.edu/,dataset_page_title;daic_woz_scope;extended_daic_scope;access_restrictions;daic_access_use_claim,supported_for_daic_woz_and_extended_daic_access_release_boundary_wording,update accessed date if final submission occurs after the current manuscript preparation window
vandenberg2000review,article,2000,"A Review and Synthesis of the Measurement Invariance Literature: Suggestions, Practices, and Recommendations for Organizational Research",Organizational Research Methods,10.1177/109442810031002,https://journals.sagepub.com/doi/10.1177/109442810031002,primary_publisher_page,https://journals.sagepub.com/doi/10.1177/109442810031002,1,spot_checked_primary_source,https://journals.sagepub.com/doi/10.1177/109442810031002;https://doi.org/10.1177/109442810031002,title;authors;year;journal;volume;issue;pages;doi;measurement_invariance_review_use_claim,supported_for_measurement_invariance_review_and_decision_rule_context,confirm venue style and capitalization against final bibliography format
wang2024multilinguale5,misc,2024,Multilingual {E5} Text Embeddings: A Technical Report,,,https://huggingface.co/intfloat/multilingual-e5-base,primary_model_card,https://huggingface.co/intfloat/multilingual-e5-base,1,spot_checked_primary_source,https://huggingface.co/intfloat/multilingual-e5-base,model_id;authors;embedding_size;prefix_contract;supported_languages;technical_report_link,supported_for_multilingual_e5_sensitivity_encoder_contract,capture exact model revision/hash if required by venue reproducibility checklist
zhang2025interviewer,inproceedings,2025,Mitigating Interviewer Bias in Multimodal Depression Detection: An Approach with Adversarial Learning and Contextual Positional Encoding,Findings of the Association for Computational Linguistics: EMNLP 2025,10.18653/v1/2025.findings-emnlp.650,https://aclanthology.org/2025.findings-emnlp.650/,primary_acl_anthology,https://aclanthology.org/2025.findings-emnlp.650/,1,spot_checked_primary_source,https://aclanthology.org/2025.findings-emnlp.650/,title;authors;year;venue;pages;doi;interviewer_bias_use_claim,supported_for_question_type_and_context_as_protocol_nuisance_positioning,confirm venue style and capitalization against final bibliography format
zhang2025qwen3embedding,misc,2025,{Qwen3 Embedding}: Advancing Text Embedding and Reranking Through Foundation Models,,,https://arxiv.org/abs/2506.05176,primary_arxiv_preprint,https://arxiv.org/abs/2506.05176,1,spot_checked_primary_source,https://arxiv.org/abs/2506.05176,title;authors;submission_date;arxiv_id;embedding_model_use_claim,supported_for_qwen3_embedding_text_foundation_feature_reference,capture exact model revision/hash if required by venue reproducibility checklist
zhang2025red,inproceedings,2025,Explainable Depression Detection in Clinical Interviews with Personalized Retrieval-Augmented Generation,Findings of the Association for Computational Linguistics: ACL 2025,10.18653/v1/2025.findings-acl.517,https://aclanthology.org/2025.findings-acl.517/,primary_acl_anthology,https://aclanthology.org/2025.findings-acl.517/,1,spot_checked_primary_source,https://aclanthology.org/2025.findings-acl.517/,title;authors;year;venue;pages;doi;evidence_retrieval_use_claim,supported_for_evidence_retrieval_positioning_not_as_our_main_novelty,confirm venue style and capitalization against final bibliography format
zhou2026depression,article,2026,Depression Rating Scales Demonstrate Significant Correlations but Systematic Differences: A Multicenter Prospective Cohort Study Using Equipercentile Linking,Journal of Clinical Epidemiology,10.1016/j.jclinepi.2026.112207,https://www.jclinepi.com/article/S0895-4356(26)00082-X/abstract,publisher_and_pubmed_metadata,https://www.jclinepi.com/article/S0895-4356(26)00082-X/abstract,1,spot_checked_primary_source,https://pubmed.ncbi.nlm.nih.gov/41794387/,title;authors;journal;year;volume;pages;doi;cross_scale_linking_use_claim,supported_for_depression_scales_correlated_but_systematically_different_positioning,confirm venue style and capitalization against final bibliography format
zou2023cmdc,article,2023,Semi-structural Interview-based Chinese Multimodal Depression Corpus Towards Automatic Preliminary Screening of Depressive Disorders,IEEE Transactions on Affective Computing,10.1109/TAFFC.2022.3181210,https://doi.org/10.1109/TAFFC.2022.3181210,doi_publisher_metadata,https://doi.org/10.1109/TAFFC.2022.3181210,1,spot_checked_primary_source,https://doi.org/10.1109/TAFFC.2022.3181210,title;authors;year;journal;volume;issue;pages;doi;cmdc_dataset_use_claim,supported_for_cmdc_chinese_clinical_interview_dataset_context,confirm final IEEE page display if target venue requires publisher-rendered metadata
