dataset_or_topic,source_role,citation_hint,url,use_in_section
E-DAIC/DAIC,official access and consent boundary,USC ICT DAIC-WOZ and Extended DAIC download page,https://dcapswoz.ict.usc.edu/,Supports restricted-data governance and local-only real manifest policy.
DAIC,clinical-interview corpus origin,"Gratch et al. 2014, LREC",https://aclanthology.org/L14-1421/,Supports the clinical-interview framing and multimodal questionnaire/transcript context.
CMDC,Chinese semi-structured interview corpus,"Zou et al. 2022, IEEE Transactions on Affective Computing",https://doi.org/10.1109/TAFFC.2022.3181210,Supports CMDC as Chinese clinical-interview validation with PHQ-9 and HAMD labels.
PDCH,real consultation and HAMD-17 source,PDCH repository and dataset paper,https://github.com/Miraclemarvel55/PDCH,Supports PDCH as a bounded HAMD-17 consultation validation dataset.
MODMA,controlled task stress-test source,MODMA dataset description,https://reshare.ukdataservice.ac.uk/854301/,Supports MODMA as an interview/reading/picture-description task robustness dataset.
EATD-Corpus,Chinese valence stress-test source,EATD-Corpus repository,https://github.com/Fancy-Block/EATD-Corpus,Supports EATD as Chinese audio/text depression data with emotion-related tasks.
MPDD,individual-difference benchmark source,MPDD Challenge official page,https://hacilab.github.io/MPDDChallenge.github.io/,Supports MPDD as the age/personality/health/gait context dataset.
PHQ/HAMD measurement,scale-specific psychometric motivation,"Ma et al. 2021, Frontiers in Psychiatry",https://www.frontiersin.org/journals/psychiatry/articles/10.3389/fpsyt.2021.747139/full,Supports not treating PHQ and HAMD as interchangeable raw item spaces.
PHQ measurement invariance,measurement invariance and DIF context,"Delamain et al. 2024, Journal of Affective Disorders",https://pubmed.ncbi.nlm.nih.gov/37989437/,Supports the label-contract framing around measurement invariance and DIF.
